x1,x2,x3,x4,x5,x6,y
1.0,1.0,1.0,0.3405533247010313,0.7674309891038456,-1.0,-3.4361174499710954
-1.0,-0.4058979832277538,-1.0,-0.9103146718797654,0.1356545445895645,-1.0,5.136918904492077
-1.0,1.0,-1.0,1.0,-1.0,-1.0,9.455223935042593
0.6558443823587357,0.6682288946283945,0.4494640844185629,1.0,1.0,-0.4813019951756334,-1.6268944601620579
1.0,1.0,0.3469372618340141,1.0,0.7974733259925797,-1.0,0.4600546623498233
0.0743964086157209,1.0,0.850473116114911,0.319891718948508,-0.9921879732306949,-0.9783250563377884,-1.0308380117247382
-0.3386204108247141,-1.0,-1.0,-0.5693998002541718,-0.1533728525005573,1.0,1.7903862300674218
1.0,-1.0,0.959811330612938,1.0,0.4520390208286811,0.952527953689144,-1.6020592967404563
1.0,0.8609121503393351,-0.9516511957864666,1.0,1.0,0.100066485977768,-3.9941944461588967
1.0,0.381287949173251,0.9904112627567484,1.0,-0.9430044808609236,-0.4520226704749439,5.279766117509377
1.0,1.0,0.3263921395976767,1.0,1.0,1.0,-1.4122207952679764
1.0,1.0,0.5852833283246444,1.0,1.0,0.7073005030887141,-5.0320171857857074
1.0,1.0,1.0,1.0,-1.0,-0.9759790368848013,8.568104958767025
1.0,0.3013112943439178,0.832755407800664,1.0,1.0,1.0,-4.271314327709105
-1.0,0.7451951032401489,-0.981867905417567,1.0,0.2838238598422553,0.0801704013318658,0.82547001324985
1.0,0.7707816292591023,0.278326260233799,0.67041117690308,1.0,-1.0,-0.23118326662636146
0.2687838310163373,0.0037579180175943,0.8070004503162997,0.1523909323450742,1.0,1.0,0.12137802201189263
1.0,0.7285539153735294,0.3768259846097876,0.8310164317544027,0.2580248284960464,0.8544362170313324,0.23962592076414746
-0.599006216875916,-0.6805632558571422,-1.0,-1.0,-0.0915500794082104,-1.0,3.920500152754774
0.0380491360802843,0.3120996037987087,1.0,0.8576204447742426,0.7679837914681691,0.8474798696780541,-1.999511203040198
1.0,1.0,0.5567113936806192,-1.0,0.8356533960934851,0.922820047008559,2.336915860505198
-0.4195738651464116,0.1693942776055483,-0.838997281285957,0.7411727588145427,-0.7358310045487795,0.3290273901139318,-0.1378126098651664
-1.0,-0.318522768960106,-1.0,-0.5312680721921572,-1.0,0.5914155754269372,-1.1943939667978185
0.7671297383980775,1.0,0.99822490188735,-1.0,0.904292743962785,1.0,-0.18650042128117994
-0.0179797996229336,-1.0,1.0,-1.0,-0.25911752671839,-0.3250219051353877,3.2590377365659062
1.0,0.9325733838867236,-1.0,0.0964790930613606,-1.0,-1.0,7.685449698231267
0.096351248818691,1.0,0.1365861251504767,1.0,-1.0,1.0,3.841683245246469
1.0,1.0,1.0,0.2752350630339477,1.0,-0.946917811371856,-4.7348149761866605
1.0,0.006455075607773,-0.0732035358262195,0.9428375422227184,1.0,0.0620718512157838,-3.302766123656065
-1.0,-0.1007734077070299,1.0,-0.3326634602801701,-0.6372308299873537,-0.6514410735324707,0.11757639219619509
1.0,0.947213839985704,0.5840596767955788,1.0,-0.4986810572818632,-0.6472627767525494,5.037981074428018
0.3858043996395743,1.0,-1.0,0.9126134005574236,-1.0,1.0,8.833019868943849
0.1310370538417351,0.6495814506402167,-0.5207853062308239,1.0,-0.5288922074335574,-0.5622385258612699,1.1885678881576647
-0.3079638868986627,-1.0,-1.0,-0.4713962291098343,-0.726345008989677,-1.0,2.3412500720454608
-0.5824149363916096,-1.0,-1.0,-1.0,0.3470737397507901,1.0,-1.6495063596882096
-1.0,-0.4268015349470444,-1.0,1.0,-1.0,-0.1220684975682555,-5.14538460593538
1.0,0.7735728859860036,0.191709936430763,0.0761136255323313,1.0,-0.941894782867858,-0.5299450592906246
-0.2037694588003713,-1.0,-0.4967720254655925,-1.0,-1.0,1.0,6.238593582761814
-0.7714110777583578,-0.0237510275642236,-1.0,-0.189123530057454,1.0,0.7579055450118533,4.482793247363617
-1.0,-1.0,-0.6617433890632891,-1.0,1.0,-0.1982943705118951,-1.7090184229442844
-0.544000738434369,0.8820437086309996,-0.4718780686235351,0.697274262043535,-0.9097612352602972,-1.0,2.682924646377742
-0.0240968590243995,-0.270718477478767,-1.0,-0.2739545166713186,-0.5234291248769418,-0.910848064938924,2.194189527201111
1.0,1.0,-0.3858024305259186,0.3516000653679836,0.7487911159485123,-1.0,1.1782210075098147
-1.0,1.0,-0.3384565372471728,0.9889986669243438,0.4493576882045054,-0.613532632466417,0.6057853348257627
-0.5529116294458205,-1.0,-0.427761410502431,-1.0,0.4497074874835061,1.0,-1.6953525311763027
-0.2504864972222058,-0.6232605838378977,-0.9468810353934368,-1.0,-0.3614069760852785,-0.9748197295790126,3.2111238174415813
0.3125084512105598,0.2326216348006136,1.0,0.992926278385871,0.9122390562766602,0.8311640731320233,-2.9396352058380817
-1.0,-0.3265166124322853,1.0,-0.2030108292486911,-1.0,1.0,-7.754650034975869
0.4869961486904879,1.0,1.0,1.0,1.0,1.0,-7.4691234214216955
-1.0,-0.283348542795327,-0.1178400444491902,-0.8173477977422257,-1.0,-1.0,0.1010104461390503
-1.0,0.1812586047611906,-0.6415555667049091,-0.1268463045501981,-0.7182232980484593,-0.7152692346740097,-0.5053498970991878
-0.8514510402527291,1.0,1.0,0.4216367808746499,0.0633117236364551,1.0,-4.326737866883917
0.0861126250721324,0.8145529866447001,1.0,0.3758914712900474,-0.1804961279451593,1.0,-1.9506296019086822
-1.0,1.0,-0.8706205484111884,-0.7022030861076425,0.8274299850135947,0.2432798504444182,4.102413278560738
0.1921390778271732,1.0,0.7336776914256189,1.0,-1.0,0.5477446397848762,-0.3402057683686125
0.1429598847535453,-0.9307562720385092,-0.2736465479132088,-1.0,-0.8377386173052956,0.8190652164625127,4.277030016462619
1.0,0.6632946464986595,0.7229884139546794,0.4900027390472601,1.0,0.6535957270740738,-3.853231887122
-0.8051121663763003,-1.0,-1.0,-1.0,-0.1501878820566577,-0.2805218760482602,-4.69992189676851
0.2371469063980216,0.2776459907630442,0.2042964958021333,0.4649504084869975,-1.0,-1.0,3.1411856758895857
1.0,1.0,0.4320405544956347,0.100746403933386,0.9928641222500776,-1.0,-0.8523657261876073
-1.0,-1.0,-0.3809221821916049,-0.6101152295993482,-0.9830129291810386,-1.0,2.9649607335108064
-1.0,0.0944030042655128,0.4433293654723418,-1.0,1.0,1.0,5.8672549533381435
1.0,1.0,0.1358715183068228,1.0,0.8743436408403162,1.0,0.007217372156215318
-0.2207575654030507,-0.6563998443354524,-0.2917148166999872,-0.7975388910994758,-0.5202114673302152,-0.1285993128008697,0.40252465021301187
-0.1372899912033447,-0.4794246316853408,-1.0,-1.0,0.0031213396046672,0.9641877902546996,3.6478423775411835
-1.0,1.0,-1.0,-1.0,0.3676487120112719,0.9195218149587864,13.416798643817707
-0.5952751097209374,-0.9222336731285266,-0.5586134339782591,-0.6901517191622006,1.0,1.0,2.939993051415498
1.0,-1.0,0.8066867492687546,0.2647468590931376,1.0,0.4286824905146711,-3.7039805892847353
0.3271817432969026,1.0,1.0,1.0,0.8859225456863808,-0.973294429116812,-5.3029113711132885
1.0,0.8784028020940102,-0.1467677820838397,1.0,-0.0142015821124747,-1.0,5.880200097968957
0.1017808789771472,1.0,0.8249762296940715,-0.3877074785192012,-1.0,1.0,2.2761535510680098
0.6235958398841841,1.0,1.0,1.0,1.0,0.9401185881861924,-8.179252337491167
-1.0,1.0,1.0,1.0,1.0,0.2138018966307064,-7.012769983134179
-1.0,-0.5870513526155128,-0.715447747075221,-1.0,0.5382657731189637,-1.0,5.624625894119054
-0.609879028580973,-0.826175184463724,0.9357046848165592,-0.2887269957988134,1.0,0.5048464056582767,-1.7530892733559762
-1.0,-0.980533813870602,-0.480412606245298,-0.3728060859919608,-0.4465372854719911,1.0,-1.4057292591361756
-1.0,-0.0343454977307637,-1.0,-0.4330053233572799,0.4876592582486607,0.972495596591004,7.5410769003831675
-1.0,-1.0,-0.8892182201199064,-0.3198301071207856,-1.0,-1.0,0.9921117538773503
-1.0,-0.6262525881828711,-0.4164590837805604,-0.8803757821408751,-0.2306843067369006,-0.858648182119423,2.0024856166402536
0.8423443082904938,0.4074328144098496,-1.0,-1.0,-1.0,-1.0,2.431119832233527
0.2424597055898638,1.0,0.0041005366776027,1.0,-1.0,-0.7710883241477793,4.808086217446839
0.4565292220446826,1.0,0.7619343739250437,1.0,-1.0,-1.0,5.790359088505554
1.0,1.0,0.5037358573812953,0.2869662272691138,-0.2310423502290124,-0.7578819929139275,2.1281814082869226
-0.401066124436104,-0.6040569272330603,-0.065177259157849,-0.0408282095790857,-0.0149050411002884,-1.0,3.1732741875209713
-1.0,-1.0,-1.0,-0.0406898294889086,0.1747875190425114,0.0209582202954887,-4.1303505741307385
1.0,0.8018535181907942,0.0974067876113911,1.0,0.1979367048790461,1.0,2.3939696111855
0.0898753301591901,0.3749357840749934,0.4769321454792234,1.0,-0.1408603476932435,1.0,1.155394064273637
-1.0,-1.0,0.5609134142989864,-1.0,-1.0,-1.0,7.10503767024951
-1.0,-0.7271117439892967,-1.0,-0.2937268150165137,-1.0,0.249693055501297,-4.154528186012824
-1.0,-0.3268820445406144,1.0,-0.547725012849642,-1.0,-1.0,-0.7665116466308725
0.9751464059567448,0.2242071110204193,1.0,1.0,0.4978414352413443,1.0,-4.96242630424434
-1.0,-0.2504063985524885,-0.6919062452215672,-0.8764661124956379,1.0,1.0,7.46550933757999
-1.0,-1.0,-1.0,-1.0,-1.0,-1.0,4.806091110911384
-1.0,-1.0,-0.0887940628453318,-0.3115162667509767,0.1561321456483149,1.0,-0.36488637387959544
0.7142552127648649,-1.0,-1.0,-1.0,0.6559117214302306,0.5418319889232706,-5.225499268291458
-1.0,-0.7231164416637381,-1.0,-1.0,-0.3793434065359466,-0.8432480105943911,1.4949174131711866
-1.0,-1.0,-0.7515619380873135,-0.6899729594256288,-1.0,-1.0,3.015145001815425
1.0,1.0,-0.3426935995530267,1.0,0.948827736090702,0.5400626751361024,-1.1555178763391822
-1.0,-0.3347710158967361,-1.0,-1.0,-1.0,-1.0,2.3020759328241396
-0.4628600172936556,-1.0,-1.0,-1.0,-1.0,1.0,5.986484894465972
1.0,0.6081669564452319,0.8638637352753724,0.7245207121643096,0.6342802147801614,1.0,-3.7360793183801126
1.0,-1.0,1.0,-1.0,1.0,1.0,-11.786804215443263
1.0,1.0,0.8557139648413739,1.0,0.4737410319494182,0.5634961170836144,-5.331527347176513
-1.0,-0.2265372637512537,-0.604112020672257,-1.0,1.0,-1.0,8.012412145715379
0.0524557555897637,1.0,0.8057642512897627,-0.3438692929829483,1.0,1.0,2.0301646020673623
-1.0,-0.0865824605987999,0.9660400254365678,-1.0,-1.0,1.0,-5.149745718695116
-1.0,-1.0,-0.1437940433539217,-1.0,1.0,-1.0,10.472199778902937
-0.8921036517321019,-1.0,-0.1170228622802938,-0.4489648329863924,0.2394006657362433,1.0,-0.22742794234882469
1.0,0.9314130920279516,-0.9095111556835482,0.1735543378194175,-1.0,1.0,10.999705473934089
-0.4210536477575801,-1.0,0.466325659227083,-0.8165070612734415,1.0,0.2169775337044719,1.636058219851996
-1.0,-1.0,0.7306793592662537,-0.0775964304808873,-1.0,-1.0,2.8420185727086245
-1.0,-0.7452478749842804,-0.0690686761175225,-0.1470439443995441,-1.0,1.0,-2.47674822084845
0.1453564654737253,0.8244831458868589,0.1227519679009383,1.0,1.0,1.0,2.8444803809037555
-1.0,1.0,1.0,1.0,0.3024771386453662,0.8243023612283868,-8.84263628147065
-1.0,-0.6734331530243103,1.0,-1.0,-0.5999363082812306,-0.146005511147347,-0.33347169447489045
-1.0,-1.0,1.0,1.0,-0.2248241820297893,-1.0,3.439679373161106
0.4550929608023151,0.6271661119556222,1.0,1.0,-0.6811726395671462,1.0,-1.292018749157771
-0.8951462230604215,-1.0,-1.0,0.4889810100073835,1.0,1.0,4.548235031662689
0.1955813826536221,0.2217304970932772,-1.0,0.9906199586967944,-0.722424142206374,-0.8024326809286684,0.3484093330529945
-0.3884299783374536,1.0,-0.2184327901198213,-0.8867071324568137,1.0,-1.0,1.1278164298301863
-1.0,-1.0,-1.0,-0.2889758978426182,-1.0,-1.0,0.8997292676483318
1.0,1.0,1.0,1.0,-0.4301610664228028,-0.9920216844027177,5.44250650322291
1.0,-1.0,1.0,1.0,1.0,-1.0,-3.712613198866226
0.1778300710012539,0.156013937398519,1.0,0.218255057977261,-0.3221978559041534,-1.0,2.5370397436589456
1.0,0.3686516280295691,1.0,1.0,1.0,-1.0,-4.785685954618607
-0.2238261259773899,-0.1726643993361101,-0.2633825877833884,-0.0912715641780226,-1.0,1.0,3.587884487399718
-0.7351421853697264,1.0,1.0,-0.1033771641983523,0.7589138849824264,-0.8937335677028737,0.32011727125170586
0.8581243266957241,0.3268445664461925,0.6067427713535172,0.9369745535363412,0.8549001490989523,1.0,-0.7511146785174868
-0.5051145489213622,-0.5894247658790253,0.7149708505001793,-1.0,-1.0,-0.2713353682294324,2.555659505090134
1.0,-0.0020057505603894,0.6662862808219314,-0.0262572545878601,-1.0,0.2180832004520929,2.983785428190735
-0.9830576611991632,-0.7745988058548359,-0.3143058995804495,-1.0,1.0,0.4084945614367989,1.6406241064764497
1.0,1.0,1.0,1.0,1.0,0.1858740389243958,-8.959735210741226
1.0,1.0,1.0,0.5887982386154644,1.0,0.5644910942815597,-8.0098120594847
1.0,1.0,0.4491817905125481,1.0,1.0,0.962676616249561,-2.7113135914804327
-1.0,-0.8287993454436107,-1.0,-1.0,-1.0,-1.0,4.286642139572143
-1.0,-1.0,-1.0,-1.0,1.0,0.8970849211049827,-2.8664338239323843
0.4984515267116121,1.0,1.0,1.0,1.0,0.1281412387574942,-6.958744888946534
-0.3704970543854833,-0.0524206191329845,-0.6533967107314362,-1.0,-1.0,-0.728494500431208,0.26368333671034583
1.0,1.0,0.7426919630669839,1.0,-0.8951700321245317,1.0,4.30251567252501
-0.4060166375234291,0.5650917129268784,0.4309847679723552,-1.0,1.0,0.6658472909359829,3.860425360184493
-0.077890235605452,-1.0,-0.0341217059231944,-1.0,-1.0,-0.1956067817069198,6.106405460528821
0.3948167111707124,-1.0,1.0,-1.0,1.0,0.5933912063636946,-5.159573356951109
0.8331609694968258,-1.0,-1.0,-1.0,-0.2983937074786906,0.2280711262411232,0.3499452584044668
-0.4171669750695577,-0.5406901801996058,-0.691124728241741,-1.0,0.7890529059401579,-1.0,5.30567357903784
1.0,1.0,1.0,0.8692925306847126,0.0149944424874275,1.0,-4.735592514827514
-1.0,-0.353292341881831,-1.0,-0.7381399038229963,-0.5375340838220914,1.0,4.6140886393064395
-0.9735073564317964,-0.8887381923259914,-1.0,-1.0,-1.0,-1.0,4.492962561780899
1.0,0.4989799126435861,0.8383625956098975,0.365124724626745,-0.1846582175857523,0.3145223118430524,0.1808796674775105
1.0,1.0,0.7097308884844882,0.7829705649133458,0.7116916154234794,-1.0,-1.0075175789658624
1.0,1.0,1.0,1.0,-0.5495336627916574,-0.8433245023408917,5.186461227311234
1.0,0.2431496030718123,0.4161618242060638,1.0,1.0,-1.0,-0.40838739262013035
-1.0,0.2385932121702636,-0.848361751777158,0.8155170618781438,1.0,0.2288486978784161,1.2991427907517048
1.0,-1.0,0.4240253058492849,-0.2055731403951524,1.0,1.0,-1.9339885349130936
0.6220899845144301,1.0,0.7231071252880388,0.7169596968694503,-0.1914954425960704,-0.5025882622755169,0.3227871164587429
0.1876424299847776,-0.3123957348907773,-0.9131998272112212,-1.0,-0.3724810964928708,-1.0,2.6735734589982254
-0.3372108803845357,-1.0,-0.8799825393407938,-1.0,1.0,0.1449738836934435,-4.151445380175479
0.1323083465510541,-0.0651883052799702,1.0,0.134293648418516,-0.6310646658631038,-1.0,2.3582193853000297
0.7260387434694562,0.6793348128549865,0.3377897516913786,-1.0,-0.2946466012797009,-0.9092622783271688,2.528295915911365
1.0,-1.0,-0.964769645908153,0.9103325086577984,0.8443623511872083,0.029010285008779,-8.882973677277311
0.379273120445958,0.0101280767478448,-1.0,0.9350374773064314,-0.0523690180138971,-0.2966595093971322,-1.0842157544747701
-0.5803629943047697,-0.0882002422298445,-0.0088716614952466,-0.5507706919020321,-0.5592410765271079,-0.8941370439317993,0.8529421363508053
-0.4239495288365142,-1.0,0.4884894499541901,0.7470121425719918,0.3882444868051611,0.5683660354536433,2.010019609592836
-0.6619226391693291,-1.0,-0.1194289238496151,-1.0,0.578880703050036,0.3489729963761681,-0.8112447411784905
1.0,1.0,1.0,0.9256844014819288,-1.0,-0.8598207112722038,7.104562172281765
-0.512102888320934,-1.0,-1.0,-1.0,1.0,0.3576176451259802,-5.567651429322853
-0.3242184372076229,-1.0,-1.0,-0.9787623242750316,0.6041499145346025,1.0,-1.1809279635021204
-0.4327135474206578,-1.0,-1.0,-1.0,-0.1443581272432486,-0.982857440390554,2.837423162644216
0.783150695569609,1.0,1.0,0.0504113175847003,0.9279834914253032,-1.0,-3.692059721696321
-1.0,0.8999465843177099,1.0,0.9204178898578416,0.421471022558205,0.0253303751120357,-4.804019019466856
-0.88420245555176,-1.0,-0.6267462220364566,-1.0,0.6735292747257706,1.0,-1.4911562433116101
-0.8027162561600121,-1.0,0.9191004819053176,-1.0,-1.0,0.0349598776739747,3.451003195398066
0.1089682306001895,0.3437894542611901,0.92836665020675,0.5657779074102498,-0.4928361531849288,-0.1268336701674464,0.04545429451528926
0.2655861276575544,1.0,1.0,0.4844838211171547,0.3865707867008638,1.0,-3.9905779068115423
-0.9953185609825692,1.0,0.378361838327494,1.0,-1.0,-1.0,0.7658984381753714
0.0533750202479068,1.0,-1.0,-1.0,-1.0,-0.1845773172619658,0.8482955068909347
-1.0,-0.433960335587449,0.4444810394838181,1.0,-0.6951391194043679,0.541680083465794,-1.4327568685917207
-1.0,-1.0,-1.0,-0.578805615858176,-0.862521573325431,-0.0684944332429613,-4.221969514010832
-0.3830634640533559,-1.0,-0.9088710103502676,0.6285872514687034,1.0,0.4525700134696884,-1.214770774631977
1.0,0.7013041785392229,1.0,1.0,0.0396596440113599,0.3208785902684878,-2.184980969169638
-0.1647580607973087,-0.5651011962739088,1.0,-0.0808518205348758,-0.1951754597012227,1.0,-1.2765043063628392
-0.3118206836744146,-1.0,1.0,-1.0,-0.178737487772709,-1.0,6.796349669860739
-1.0,0.5108925991248023,0.0866027914482805,0.6999119392840791,-1.0,-1.0,-0.37161581912869723
1.0,0.3665444676479927,1.0,1.0,-1.0,-0.5623968637660604,5.988264281177094
0.0399352461773045,0.4015315191712953,1.0,1.0,-0.9438649064488984,-0.8349793734385877,0.9365099069218359
-0.6183663376205175,-0.7124718514541466,-1.0,-1.0,1.0,0.6404025793270531,-1.1392251892618397
0.6779539534649428,1.0,1.0,-0.5181024735771038,1.0,0.2631455169502081,-2.910172757964282
-1.0,-0.9988517056343398,-0.5306080307602616,-0.8313081734316132,-1.0,-0.3340803055215398,0.574236062553032
1.0,0.3848951047121967,0.2670551741802944,0.3519105938541693,0.4219541125458037,-1.0,3.1326506748217846
0.2962034567687313,0.6011335726955294,1.0,1.0,0.7740462710939904,0.8148747376228678,-4.137141721234933
-0.9607129264224504,-1.0,-0.9351129562361932,-0.6070242838244324,-1.0,-1.0,2.5733169493932375
-1.0,-0.8910647985416735,-1.0,-0.5547239854624952,-1.0,0.491143044786879,-3.7827037696173544
0.3537277849542135,0.1358047507316424,0.3723454667689851,-1.0,0.4081647707333893,1.0,1.5372387421665539
0.7759267672487484,1.0,0.8488751641417924,0.4895726299223366,1.0,0.7109661636375588,-4.823834559300775
1.0,1.0,0.4493375436128117,0.9736800379913826,1.0,0.734081479983222,-3.728432749016145
-0.8050738109937867,-0.3464584724637412,-1.0,-1.0,0.725376594561514,0.3132658400585173,-1.5905100423851581
1.0,0.697735199150358,0.362498933819072,1.0,1.0,0.7272908675928513,-2.298916990101241
-0.5152600698572187,-1.0,-0.5769327559316748,-0.2861836338450543,-0.9444575180874124,-0.4628673552327627,-0.7299106282315132
-0.9285590615652072,-1.0,-1.0,-0.537967068891412,1.0,1.0,2.3112167936229664
-0.5817259659321774,-0.9678974408260974,-0.3866337898571004,-0.1550006350165111,-1.0,-1.0,1.407615504857968
1.0,0.991852523971255,0.9935792409253256,0.8022587380708854,-1.0,-0.3889205107964035,4.298327014195258
0.948841880528501,0.0325012725201911,0.9584384797586104,1.0,-0.8275795261451515,-1.0,7.1195434993784295
-0.9613502866845414,-0.3484784300697932,-0.0479748328198688,-1.0,-0.0319583095798479,-1.0,3.027119703472795
0.6935867734926653,1.0,-1.0,1.0,0.9778490948258228,-1.0,0.13801577337183402
-1.0,-0.9285652684492688,-1.0,0.9984198491687104,0.5677387852281228,-0.8398164959145471,-0.39283276804629474
-0.2669605532299646,-1.0,0.4976091571001935,-1.0,1.0,0.5936091564436023,0.2040884850694623
-0.345384306874158,-1.0,1.0,-1.0,1.0,0.0845210763234467,-0.5233752375932038
1.0,0.8710381511808756,1.0,0.7570614705430305,1.0,0.6029606017146776,-7.9768487609544465
1.0,0.0138286025292995,0.7816264117551583,0.5782033205015471,0.2282095754027959,-1.0,3.992019105735836
-1.0,-1.0,0.6816220851583141,-0.1024500720989747,-1.0,0.567958953281213,-3.4168320890944575
0.5601896029597124,1.0,1.0,-0.1806423512278687,0.4777199032878261,1.0,-2.985689994463482
-0.8008716797687683,-0.6665100033907971,-0.0053719619839358,-0.8229418728832987,-0.7183887378834919,1.0,-0.02592955944364672
0.8224375261261834,0.9297964974491107,-0.3647740618067081,1.0,1.0,1.0,2.725991372808014
1.0,0.7304926747757619,0.006954722219375,1.0,-1.0,-1.0,10.371018774536314
-1.0,-0.9000254528288056,-0.8093044863447927,-0.1810360564846187,-0.1541636625111631,-0.9384683114953936,2.598368250560883
-0.4026197118742036,-0.3044505497032341,0.4029523502177998,-0.8626892933595127,-1.0,-0.5960031519312421,1.6561429093757685
-0.9198753595135932,-1.0,-0.2253508348477277,-0.4006640413461453,-0.912640962760902,0.7791166799655365,-2.540034806345658
-0.7676351919720505,-1.0,-1.0,-0.5835391032134702,0.8433191021511968,-1.0,4.171810520325406
1.0,1.0,1.0,0.0559109181306012,1.0,0.8580394993923639,-6.133610573950285
-0.2083106765840616,-0.7817281489592798,-0.5908933505422305,-1.0,0.0746412246505563,0.081830762387872,-1.5162454609291656
-0.4040048672583551,-1.0,-0.063934400252144,-0.0946332648378152,1.0,0.9758999721167896,3.119993784673976
0.3334800175586787,1.0,0.1034203184113677,0.7861671546807507,1.0,1.0,2.7924871244241305
1.0,1.0,1.0,-1.0,0.747260734443846,-0.5866749898240746,-3.6540950590750487
0.1220460955914075,1.0,0.6088412084313668,1.0,-1.0,-0.795475293182385,3.160309165075101
-0.7760542545198044,-0.7306171898239315,0.2451299137154028,-1.0,-1.0,-1.0,4.772833715180306
0.6245828360017389,1.0,0.3839029805211342,0.7168520791158681,-1.0,1.0,5.001343065478625
0.0891569146127868,-1.0,0.0602687093162486,1.0,1.0,-1.0,0.5101903430544749
1.0,-1.0,-1.0,0.6099794583410301,0.4032181966207615,0.410354197649496,-3.675190492972309
1.0,0.3077770719492718,1.0,1.0,0.3658460856747075,-0.325980319107237,-1.6034581144873363
-1.0,0.8116750392310106,0.0095358015355295,0.4206067632252621,0.9688100038533068,-0.6915995270721773,2.6569415905786116
1.0,1.0,-1.0,-0.2401306622533785,-1.0,-0.5590162112724373,6.306962864522916
0.149846088300146,-0.6354161577670256,0.8495492147574406,-1.0,0.9797450689277124,1.0,-3.025153545008793
1.0,1.0,1.0,1.0,0.2798725980442762,0.7721221801447931,-6.189169599126592
0.5444872465921167,1.0,0.4626330234577094,0.7187528236217233,-1.0,-1.0,5.427371157914102
-1.0,-1.0,-1.0,-0.056794674038018,-1.0,-1.0,-0.3970425350858392
1.0,-1.0,1.0,1.0,-0.7671085310872015,-0.1511525510721219,8.885485572954838
-1.0,-0.2123691886231384,0.4800605841012111,-0.8657358820801879,1.0,1.0,4.343304853636717
1.0,1.0,1.0,1.0,0.8237564072938621,0.4324118638317098,-8.539062203044455
-0.6386864869954691,-1.0,-1.0,-1.0,1.0,0.6648947320647802,-4.277594668186033
-0.2978972771130412,-0.5327282282153343,-1.0,-1.0,1.0,1.0,5.041607542103533
0.4085436409481657,1.0,1.0,1.0,-1.0,-0.2524460979456311,0.9916414601422375
-0.9028314552260326,0.6421129096826363,0.8363744447196815,-1.0,-0.1348520522993423,0.0454987139734326,-1.8306734298470833
1.0,-1.0,0.201675700138225,-0.8884974379315154,1.0,1.0,-2.7941578988043725
-1.0,-0.2715367989327839,-0.0476331085386736,-1.0,-0.7703125766266525,-1.0,1.070906303257832
1.0,-1.0,0.0546835208759495,0.3561679181611115,1.0,0.3697250760996386,-2.972363127587698
0.898687167942193,0.6735963772941227,1.0,1.0,1.0,1.0,-7.207766273314961
-1.0,-1.0,-0.6724671484578081,-0.644944812044828,0.5084732726421473,1.0,0.07653469235556398
-0.8038068281837216,-0.3581125973894079,-1.0,-0.3663433000242537,0.8050218651956214,1.0,7.275023623742572
-0.960067690307952,-0.3437188529324311,-1.0,-0.9549172433647728,-0.7753336533145718,-0.7561411938422458,0.5054150552944694
0.8702321546764884,-1.0,0.5984836953258719,0.0416818906016351,-0.108490442226826,0.4894261415491663,1.8725846680320264
-1.0,-1.0,-0.0715477544083962,-0.5234196929038324,-1.0,-1.0,3.043468811241677
-0.9788493278974896,-1.0,-1.0,-0.545837498913627,-1.0,-0.6812054015371356,-0.9997510936544486
0.8287587329892154,0.0190358199965108,1.0,-1.0,1.0,-1.0,0.35396964430173294
-0.1231521316097346,-1.0,-0.1231278221976674,-1.0,-1.0,-0.250850771774928,5.826910161403209
-0.2926341642448149,-1.0,1.0,-1.0,-0.2045873641709474,-0.1146818368196873,1.6879734325059892
0.2600152374509896,1.0,0.6015131359361685,1.0,-1.0,-1.0,5.438211567209201
-0.8958854933952174,-1.0,-0.968505673810077,-1.0,0.7424410288511509,0.6521271204510009,-5.506738279990749
0.5949476555784425,1.0,1.0,0.4909483036866844,1.0,1.0,-5.3246635872832835
1.0,1.0,-0.5468562703795412,0.4130052228797412,1.0,0.1383447443028704,-1.1667020978496234
-1.0,1.0,0.1895383698425128,1.0,1.0,-0.4014993975512875,-0.18138792071823417
-0.91453773659827,-1.0,-0.1420017943881169,-0.0515971684996134,-0.8918629274604859,-1.0,1.476536715512351
0.7923252158277991,1.0,1.0,1.0,0.0880268611433343,1.0,-5.538726381984232
-0.7525786030214563,-0.232668772445,-0.7876649988226054,-0.7850874885293586,1.0,0.2655393724762804,0.7065269567504031
0.7762061913116334,1.0,1.0,0.859888775849939,1.0,1.0,-8.117788373830182
0.6900351339570445,1.0,1.0,-0.9322197373427892,-0.1383317838656941,-1.0,-3.100155029674208
1.0,-0.5438693462048376,-0.7906934103467227,-1.0,-0.5947549284365872,1.0,8.548867976511326
1.0,0.9857690024366236,0.637424856242615,1.0,-0.8669360556832033,-1.0,10.117232743363283
-0.9510722952798104,-1.0,1.0,-0.0156786210510526,0.6846964512430191,1.0,-1.776747325174652
-1.0,-1.0,-1.0,-0.6716979357019037,-0.8693849356253274,-0.3794276306696933,-2.6130580551558666
-1.0,-1.0,-1.0,-1.0,1.0,0.6735864829983642,-5.513767389403124
1.0,0.1115557470969679,-1.0,0.1331256363630781,-1.0,-1.0,6.80831306063542
0.4338174072490282,0.3854530672167611,0.8235734446462903,-0.5737506806934705,1.0,1.0,0.281069888623824
-1.0,-1.0,1.0,0.6688602510795816,-1.0,-0.742150320602023,-0.9361090030892828
0.1736185459841919,1.0,1.0,0.955148174160402,0.8504875466738591,1.0,-6.2422315218787165
-0.9336618761285403,-0.4355170314633358,-0.3642380809852099,-0.1426360248792473,-1.0,-1.0,-0.34571998218798317
0.8761166361622792,0.1739416603302814,0.6054401143236308,-0.1441731964057522,1.0,1.0,-0.7982353405612678
-0.1088592048724974,-1.0,-0.6945698690470972,1.0,-0.3782886891350627,-1.0,-2.3314791308989493
-0.0752756380442285,-0.7492262173784694,-1.0,-1.0,0.3267353242814439,0.4326734577025217,-2.5241090931158734
-1.0,-0.0096290863367194,-0.8531325204729037,-0.8608056248233131,-0.7605115714521327,-0.23220335760242,-1.7575057755581747
-1.0,-1.0,-1.0,0.3474986335895389,-0.0075935613248956,-0.3248696907947213,-3.8952598895367414
-1.0,-1.0,-0.510469496394985,-1.0,-0.7450862798948468,-1.0,4.5028743371012645
1.0,-1.0,-1.0,-0.7481433054488777,1.0,-1.0,-6.359968404765649
0.470764790623229,0.1699887282913594,0.9811749181353332,-0.5579362937542249,-0.9401888932394458,-1.0,2.5950457889967753
1.0,0.0558907797755354,1.0,0.135867791345726,-1.0,1.0,3.558314457644193
0.1767674065317506,1.0,1.0,1.0,1.0,-0.1262205127954909,-5.808139325955755
0.1775236149872141,0.6127169409601443,-1.0,-1.0,-0.775003163733399,-0.7070897231226914,-1.3305362360938284
1.0,1.0,1.0,-1.0,0.3187967716930164,1.0,-2.0007648195821623
-0.2441707227354075,-0.2546548609663888,-1.0,-0.282005489405033,-1.0,-0.8053495588323318,-0.04973641139744811
0.4768040099095703,0.1110138917642131,0.0264705734502903,0.7420246958935319,-0.777699212019439,0.7552524568208381,2.914469194584488
-1.0,-0.2860042681562471,-1.0,-1.0,0.5241559262818272,-0.686028198546343,1.3330263262406588
-0.9321733089058442,-0.1551694568716111,0.2819492647891228,0.1738775851726131,-1.0,-1.0,-0.9155590751977277
0.4621247886435795,0.8580360894739285,0.4758268626713537,1.0,1.0,1.0,-0.03655830227065515
-0.1485694120265253,1.0,1.0,0.0766522553567015,0.8095055137349532,1.0,-1.2644447393902962
-1.0,-1.0,-0.1600620198273703,-0.6672893863034586,-1.0,-0.945890853288522,3.384407075902624
1.0,0.0901860396557332,0.2685753826324584,1.0,1.0,0.6156931908554795,-2.2041892597979706
1.0,1.0,-0.8835182899657987,1.0,-0.4606824940661183,-0.1212777343094224,4.399254721930129
1.0,1.0,0.9601994194144574,0.3338877169319902,-1.0,-1.0,4.201993431415511
0.240020684395126,0.1489772496715686,1.0,1.0,0.0830637350949032,0.7959037477687367,-2.5805628147348973
1.0,1.0,0.8947864565445625,0.8821430680805729,-1.0,-1.0,8.273005306998348
-1.0,-0.7852369191585771,-1.0,-1.0,1.0,-1.0,5.899824011211682
0.8916508798478868,0.2113760794627479,0.637508018672541,1.0,0.9142042383560194,0.7483947184723547,-2.4864230829029332
-0.2058122923812735,-1.0,-0.7312104662370806,-1.0,1.0,0.3338158763084364,-2.679892582950126
-1.0,-0.5673449065007359,-0.9050895941055848,-0.1265616763319947,0.4720330697556592,1.0,5.161476961489157
0.6444633581880066,0.4469475447018964,0.2050837806801597,1.0,-1.0,-1.0,7.212892021384353
-1.0,-0.5662456009359753,-0.9035880379006276,-0.8782805854550011,-0.8265709485225632,-1.0,3.0443310150892273
-0.3426874610213493,-1.0,-1.0,-0.8752939264470516,-1.0,-0.4271791675082723,0.6449806589310619
0.882168365474423,1.0,0.7956535189748997,0.6185016960867817,-1.0,-0.5839940743853813,3.4103050219339077
-0.3065921284753925,-1.0,-1.0,-1.0,1.0,0.5178954000876133,-4.608121539487825
0.0988801584493432,-1.0,-0.0628528495987297,-1.0,-0.505134613718982,-0.0950009230096136,2.241564267240768
0.1471327032449274,1.0,0.8939155996743944,1.0,-0.0075365552507662,1.0,-4.497099624510858
0.045469398273505,0.3545846256673741,0.3088020835691112,0.5320361649735605,-1.0,-0.116780896644171,0.16625272637265642
-0.0317666063919319,-0.7633275229830316,-1.0,-0.0109186848734439,1.0,-1.0,1.2783266460972431
0.0217883372945819,0.0243036852296956,0.9991327914870872,1.0,-0.5034650262551268,-0.8539970390720999,0.48546151871820364
-0.6058246685343067,-1.0,-0.0564384720836996,-1.0,1.0,0.773395369606297,0.9131270587535598
-1.0,-0.5827172988468072,1.0,-0.7972428229603417,0.4714031880915985,1.0,-3.9810203300225293
1.0,-0.4030417059498357,0.082935925823669,1.0,-1.0,-0.5162624298382044,6.290055647148752
-1.0,-0.5400676214392517,0.346898545108127,-1.0,0.7289993434257764,-0.00887792368173,2.99253225726116
1.0,0.8786235630005899,1.0,0.9105398418562582,0.3804048555464845,-0.9405649361183228,-0.6984830588019958
-1.0,-1.0,-0.9673780237419918,1.0,-0.1808274757364916,-0.73184621850907,-4.933810857577667
-0.1652343048593036,-1.0,-0.0118863251374226,-0.419007740919094,0.1359022378094243,-0.2854705053388995,0.9298628165704023
-1.0,-0.6464231666108313,-1.0,-0.3903230490184153,1.0,1.0,5.839971529893926
-0.9288270667128218,-1.0,-1.0,-1.0,1.0,0.4607294741678174,-6.692425028105728
1.0,0.5110215972028684,-1.0,0.9678167925915409,1.0,0.1025192819130242,-5.87762451141793
-0.6109767280480736,-0.6944358219654438,-0.2001935120697713,-1.0,-1.0,1.0,3.7981153902310565
1.0,1.0,1.0,1.0,0.2284777666877608,0.4353743102231575,-4.857364722446021
-0.4460476017207098,-0.3878603932198943,-0.6176291536433047,-1.0,-0.9400738625260054,-1.0,2.5687677078896214
-1.0,-1.0,-0.150911981991666,-1.0,-0.5156689505832701,-0.0082904169597699,-0.5012733696787351
-1.0,0.5489994897211905,-1.0,1.0,0.7259446648323813,1.0,9.488014456860672
-0.1219225210173129,-1.0,0.1372024325746426,0.5138045886533487,1.0,0.7913893835730987,2.284726576808714
1.0,1.0,1.0,0.8118199911075904,0.3019442708463016,1.0,-6.32675513434106
-0.0169570260422191,-1.0,1.0,-1.0,1.0,-1.0,10.248261415902125
-1.0,-1.0,-0.4474383018770917,-0.3922678095110088,-0.5330187725464939,-1.0,2.779626056291696
0.3292875412056233,1.0,0.7767102269787742,0.1247475628665144,1.0,1.0,-0.043900756927099605
-1.0,0.246350318422281,-1.0,-1.0,-1.0,-0.9441050816741324,0.10577515672750237
-1.0,-0.6689573859142011,-1.0,-1.0,0.4273672359896261,-1.0,4.9957076051468166
-0.8150188582354063,-0.7039001158270171,0.7764841374617104,0.123146560842491,0.944275420062738,0.5392410341214637,-0.590800227035465
1.0,-1.0,1.0,1.0,-1.0,-0.6979310414253201,11.990645153684506
0.9771561304363376,1.0,0.419365732631846,1.0,-1.0,0.5442884346621505,4.593734520150733
-0.8130386787121795,-1.0,-0.839611925132244,-0.5670207219457846,-1.0,0.639410315350935,-2.364907140787362
-0.6354868608931195,-0.5369803589547368,-1.0,-1.0,-0.1005893121450345,-1.0,4.021638521859118
1.0,1.0,1.0,0.8373637005718002,-1.0,-0.3340123456816117,4.286162566464915
-1.0,0.7721272056462274,-1.0,-0.877721665162901,0.4189190855481288,-0.4655088457838883,0.26539806710725544
-0.5943863913303962,-0.1531622481062131,-1.0,-0.9986613416367024,0.4473040999148374,1.0,6.5146944047464475
0.4255747540635048,0.5426118082344444,0.8918848218217934,0.1276802603828086,-1.0,0.1106265172017149,0.5120373609469168
-1.0,-0.5527539007616453,-1.0,0.1966565447976731,1.0,1.0,6.8900731599638165
-0.5892889658581162,-1.0,-1.0,-0.2545495336040519,0.1098247012534161,-0.0369566186473506,-3.166957821035375
0.1918728375543499,-1.0,-1.0,-0.1208176348086196,0.0312947090526074,0.6291982057913135,-0.6915983981861408
0.9630137138876562,-1.0,-1.0,-0.8038114384446253,-0.6934175312201825,-1.0,7.786808288545938
-0.0467351959395527,-1.0,-0.3627632973106995,-0.8555650201120657,-1.0,1.0,5.849776466123552
-1.0,-1.0,-0.8586338661707156,-1.0,-1.0,-0.1983266821863298,-0.889585131378218
-0.8794970662500412,-0.6047678835017678,-0.0555625636641339,-0.1823111702866158,-1.0,-0.1398338732824651,-1.6357341929159612
-0.9618492267024704,-1.0,-1.0,1.0,1.0,1.0,4.308041839029765
1.0,0.1031515625352919,0.6840358054115003,1.0,0.1392427137745093,1.0,-0.20005966884399806
0.6335864967626121,0.7126006537475025,0.9850285815717804,0.5853901860672941,-1.0,-0.1787525436385959,1.706730968399445
0.0354861988531072,1.0,1.0,0.7730086503235054,-1.0,1.0,-2.8079430447923124
1.0,1.0,1.0,1.0,0.2502225580448698,-0.7808529216538478,-0.8921652961201153
-1.0,-1.0,-1.0,-0.862515377188354,-0.8782108378657034,0.4282876592397207,-4.08227688862638
-1.0,-1.0,-1.0,-0.3910148619309261,-0.1861187094444583,-1.0,3.538824465208645
-1.0,-1.0,-0.4468360159939726,-1.0,0.056387581774941,0.5389648677346597,-4.037902965767839
-0.4278844426655739,-1.0,-0.2024984885001726,-0.0031563203893991,0.0668547133392656,1.0,1.202994125451572
1.0,1.0,1.0,0.8856783583709902,0.2624315690559466,1.0,-6.283888244641342
1.0,1.0,1.0,0.4174328853636453,1.0,-0.4331800772345491,-5.356287945170793
0.168250424338981,1.0,1.0,0.7260823916301704,0.1619117056107877,0.9055045358366516,-4.673251919225368
-0.5226673332531038,-0.7338906501825628,-1.0,-0.6283993287087148,-1.0,-1.0,2.550663570058563
-1.0,-1.0,-0.328106384766641,-0.1020841120490527,1.0,0.9252562745740892,3.2440344753686956
-1.0,-1.0,1.0,-1.0,1.0,1.0,-6.726618916490217
1.0,0.6311360582333179,0.2367916650356964,0.2299830893732048,-1.0,-1.0,6.812572697962944
1.0,1.0,0.0885649989986416,1.0,-0.6542600742369591,0.7148262393197597,4.5292277800291245
0.2466539723228569,-0.5618567669280878,1.0,1.0,0.6259044040508985,1.0,-1.3671227408010989
1.0,0.0766710479277976,0.7777537586036529,0.1690395400137629,-1.0,-0.9307783816602484,7.527244093117697
-1.0,-0.4996691394738743,-1.0,-1.0,1.0,0.7123030245464679,0.6821976770138373
-1.0,-0.1643619784056122,-1.0,-1.0,0.2138460612813457,-0.3602819155195282,-1.5507124890411488
0.9247559019719568,1.0,1.0,1.0,0.3506168110822396,0.6070128839662219,-6.107265250099382
-1.0,-1.0,-0.0938975393401111,-1.0,-1.0,-1.0,6.246766694720485
0.8737258138780446,1.0,-1.0,1.0,-0.1672565960165035,-0.6268796272127082,3.1807804544312854
-0.0716466753505931,-0.1577901824284169,-0.2503947757177014,1.0,-0.8013803902355645,-0.7897440966276803,0.8141156848888393
-1.0,-1.0,-1.0,-0.0707682260715367,1.0,-0.4170776884530194,-3.2735389246825184
1.0,-1.0,-1.0,-0.2093068652670631,-1.0,-0.3168201369016914,5.410093719130463
-0.1819781213850151,-0.4913970537957965,-1.0,-0.1154340901841637,-1.0,-1.0,1.418147402353152
-1.0,-1.0,-0.2904206934261535,-1.0,0.3560076500191793,0.1231840100473868,-1.9001868936213864
1.0,0.8422531766111898,1.0,1.0,-0.0195173694488108,-0.9524409701975304,2.6210096888243295
1.0,-1.0,0.6969408762541385,1.0,-0.1032990076686124,-0.8157433522972661,6.452817177668397
-0.5536706833162242,-0.9970363241762435,1.0,-0.206605716915285,-0.6090820005734596,1.0,-1.4161480785997727
-1.0,-0.4545563926807328,-1.0,-0.4327370046072538,1.0,1.0,7.06397691670599
-1.0,-0.3648515610510361,-0.253656130905896,-1.0,1.0,-1.0,9.226390919667487
-1.0,-0.6083363854976163,-0.77820751352824,-1.0,-1.0,1.0,3.2026365517821196
0.1495078086479735,0.5679373612474123,0.2458577339718752,1.0,0.258030191856111,0.375951176795374,-0.47329639769385656
-1.0,1.0,0.11722904037056,0.5599190021914799,0.2746271514863789,-1.0,0.8067672652928595
-0.0708755698458858,0.6161401672545765,1.0,1.0,-0.6193112391617761,0.8921318069552564,-3.2366094837611454
0.3071429339656071,1.0,0.688784416561834,-0.7214299805956526,-1.0,-1.0,-0.4069415153583561
-1.0,-1.0,-1.0,0.1172448314238219,0.7956604555817453,-0.2168484512036648,-3.863928544619558
-1.0,-1.0,-1.0,-0.1171522157643183,0.4774496850201948,0.7273067602180241,-1.305412222754046
0.2899636987838325,1.0,0.0033737315843318,1.0,1.0,-0.1806561368837276,-0.8832054554101793
0.8861468339062202,1.0,1.0,1.0,-1.0,-0.3400202106086731,4.41695745711977
0.664959150305805,1.0,-0.0280080824429367,0.2191048805771374,1.0,0.2401162944438226,-0.043484826297869206
1.0,0.8554637073571216,0.7925129526868755,1.0,1.0,0.8427517423986266,-6.105213492912012
1.0,1.0,0.2734899881960637,0.6677181373340433,-1.0,-0.3200841261593337,4.016508517977188
-0.7300213139122433,-0.2349900279404297,-1.0,-0.2350811006595765,-0.0586795572260685,0.5502483196443444,1.0848410165003761
1.0,0.5770793258898115,1.0,0.1357858301368903,-1.0,-0.2918269703494351,4.217927739490495
1.0,-0.1860587198105503,-0.4809870744613709,1.0,0.5777995551447332,-0.271194778672839,-2.6424242020373443
-1.0,1.0,-1.0,-1.0,0.6039871699185595,1.0,16.670188287393326
0.4306589641095673,0.1835387785981217,0.9176338540028812,0.2457209788270589,1.0,1.0,-1.3176157746377841
0.9582041380339434,-1.0,1.0,1.0,-1.0,-1.0,12.19311391774265
-0.5541310717548797,-0.1101266119329362,0.3237112536210336,-1.0,-0.183273340602649,-0.994842928579398,2.0313491198896676
1.0,0.9975140431582264,0.2948935250950411,0.6371281549139134,1.0,-0.8397623370053542,-1.11634905388678
1.0,0.2216938874289438,0.9703200746414188,0.1965396841783147,0.7343327335207592,-1.0,0.4682673502257083
-0.8610627654817897,-0.4735032162452286,-0.7302282604279624,0.6313165701858547,-1.0,-1.0,-0.8565227088411081
1.0,0.9339824806758364,1.0,0.5176762603087646,-1.0,1.0,2.333744978370868
1.0,-1.0,0.1823119989059431,1.0,-0.3462220380032965,-0.5332601134558994,5.167019822948612
0.8100325832489039,1.0,1.0,1.0,-1.0,0.6499957553723571,1.2290215670562339
-1.0,-0.6498645614164744,-0.0619755384436546,-1.0,0.3080285066089698,0.5359526634169591,-0.613731828013672
-0.4484400783486875,-0.5907748748667179,-1.0,-1.0,-0.2007454170014169,-0.8379111503377861,1.766904710058586
1.0,0.785613371044402,0.7803232950938732,-0.09678510512269,-0.5642481258518168,-1.0,4.286578241166156
-0.6834045400645927,-0.3313052934347147,-0.2258932302192458,0.8263767424061983,1.0,1.0,6.4117093593575945
-0.2554523692121035,0.7586190175816279,-1.0,0.7385473593921172,-1.0,-0.0164599718823086,0.44059533820732355
-0.4695579656978341,-0.7338230753812205,0.242712896931744,0.2785024988099958,0.702039441781243,1.0,2.8079503109778496
-1.0,-1.0,-0.0977810458840326,-1.0,-0.8631150626202264,-1.0,5.710784138579525
-1.0,-0.3016653751827334,-0.039328777350166,-1.0,-0.0068886090030155,-0.4352120806883368,0.7364188992195069
-0.4405542009468928,0.44947857170092,-1.0,0.6034411339327677,1.0,0.3306411559530624,1.1316155110613935
1.0,0.8949386080136541,0.6406141091168795,1.0,0.7148570604233875,1.0,-3.1834932070012165
-0.623364915733583,-1.0,1.0,-0.0531563196744562,-1.0,-1.0,3.2046065788585225
0.7824087160624842,-1.0,1.0,-1.0,-1.0,-1.0,16.680132547915004
-0.9766794996802975,-1.0,0.1522568136327287,-1.0,-1.0,-1.0,6.800625869610851
0.3531356398257874,-1.0,1.0,1.0,1.0,-0.610790336852135,-0.968243580393744
-0.7497169068112481,-0.2053421990770363,-1.0,0.4966386009102639,0.6107974555794684,0.1488549300771171,-0.585316942111401
0.1748074873194407,-1.0,-0.1228251232065109,0.5651521461180513,1.0,1.0,3.336396349474014
-1.0,-0.7323726052863855,-0.5966378329809792,-0.3343541368454332,0.9532907635252612,-1.0,6.223023782546429
1.0,-1.0,-0.1038994291030177,-0.3912474809032276,-0.1390287928308471,-1.0,5.425779844306999
-0.1330235338739431,-0.6422929827878912,-0.0667113798077412,-1.0,0.5635196089564682,1.0,0.9059312995127814
-0.6147964411406768,-0.4061248187863924,-1.0,-1.0,0.3608466767265672,1.0,4.639273789025277
1.0,-0.60624377983802,-0.8462905356077872,1.0,-1.0,-1.0,7.131655755713813
-0.903567677093905,-1.0,1.0,-1.0,1.0,1.0,-6.586682168083001
-1.0,-1.0,-1.0,-1.0,0.8056161930754766,0.6064828784044918,-6.477389212120595
-1.0,-1.0,-1.0,-1.0,-0.7397962612870144,-1.0,4.09420425156933
-0.8650515270391834,-0.646294891471098,-1.0,-1.0,1.0,1.0,4.133792059443634
0.922536691041433,-1.0,0.2505944459273124,1.0,-0.2666539113163972,-0.1626840168101138,3.903663477272356
1.0,1.0,1.0,0.4565385256178664,-0.8382613574112048,-0.4641717738798143,2.39267873401517
0.5748268900514582,1.0,-1.0,-0.2344888490200567,0.8956535065649778,1.0,9.403952045721235
-0.2339759664758727,-1.0,-0.8543565408289553,-0.9311202144716582,-0.9297059401677704,-0.3183607752420032,1.2367413349632237
-1.0,-1.0,-1.0,-1.0,-0.2642476079872733,-0.4574893510469688,-3.8245564603866047
-0.1667782436471991,-0.2164073313005026,-0.905448007579278,-1.0,-0.3092717460156351,-0.2755466114901295,-0.9371430226987792
1.0,-1.0,0.0234313000954944,1.0,0.1696338147589418,0.7535121370277535,2.514656089613172
1.0,0.5883629605259917,0.6451114335930326,0.0572568476780102,-0.3555539684557105,-1.0,5.037559242344751
-0.2222627331877842,1.0,0.8469121228880552,0.3594938870167259,-0.6331364137712905,0.8972433665931383,-1.7914660129641549
-0.2038426755468512,-1.0,-0.2222492649984155,-1.0,-0.7880845638186149,1.0,3.913059150952818
-0.2305453650570998,-1.0,-0.8138568018545547,-1.0,0.5980243381914578,0.5610770492298109,-3.6268735519236293
-0.3412530843163608,-0.0293437045542268,1.0,-0.679722122810148,-1.0,-0.1814641310775788,-1.023470341387203
-1.0,0.3612747811005761,0.2919792078565228,1.0,0.50601114556307,1.0,2.117894147130528
-0.7632882728745227,-0.3230942472981073,1.0,1.0,1.0,0.3073609433011717,-1.8484740562958843
1.0,1.0,-0.1606183547898547,0.2025505489774934,1.0,1.0,1.983905356988005
-1.0,-0.5419183072711427,-1.0,-1.0,0.4246877277428047,1.0,2.919747982486771
1.0,1.0,1.0,1.0,1.0,0.5428653137314552,-9.856624688183302
-0.0914349782014412,-1.0,-1.0,-1.0,-0.3529241568815759,-1.0,3.384983745716695
-0.6160059682763652,-0.3144054831834479,-1.0,-0.527049166228972,0.4748358686223182,1.0,6.681530847303154
0.4614943081368792,0.4749186386876385,0.4925226575545696,0.2895688674124335,-0.467579434994354,-1.0,3.8888104389083864
-0.5533833750989099,-0.6202354749429881,-1.0,-1.0,-0.7891303421316345,-1.0,3.5148327749467674
-0.1298462871662025,-0.978375137212679,-1.0,-0.7035364659087491,1.0,0.999897648060387,1.170558084131231
1.0,0.1669993858353637,1.0,1.0,-1.0,-1.0,8.277505512908926
-1.0,-0.0954736969165224,-0.069933441574761,-1.0,-1.0,-0.297630949506098,0.02012173171861298
1.0,0.593368309261255,0.7720405523264335,0.6729594596583279,-1.0,-1.0,8.1273012133756
1.0,-0.963440018635198,-0.182537903903426,-0.8673267257268946,0.8364687282330119,1.0,-2.533872628465609
0.6522687205009585,0.5500885905050004,0.6964819370102997,1.0,-0.572641811154692,-1.0,5.92111797074791
1.0,0.2254494757432892,1.0,-0.429816737556284,-1.0,-1.0,6.98111534112732
1.0,1.0,0.904401521739874,1.0,-0.2883201788604383,-1.0,5.242532093053088
-1.0,-0.2123874913900167,-1.0,-1.0,-0.1818742148985705,-0.190188081691558,-2.547824486606879
-1.0,-1.0,1.0,-0.5239600384471825,-0.6542741863266106,0.7489571634598258,-3.6761542856711316
-1.0,0.7859609991035341,1.0,-0.9491945505507052,-0.1419253626269909,-1.0,-2.7414994447820407
-0.1387333927222698,-1.0,1.0,0.9548800185573594,1.0,0.6939333847230247,0.014411020728165469
0.3695164632341807,1.0,1.0,1.0,1.0,0.8887399049543414,-7.218961763069217
0.787944225477428,-0.2553512058457547,0.7419371513721889,0.2466858619868539,-1.0,-0.7739146519962297,5.723117768124419
-0.5573978103516706,-1.0,-0.3961724680004721,-1.0,-1.0,-1.0,6.840975257370957
0.2706337660775511,0.7179413974219264,1.0,0.9623403378762564,-0.3500307577575832,-0.8810358682968582,1.5950867371199018
-1.0,-0.1990339025018381,-1.0,-1.0,-0.6273510438861711,-1.0,2.8944168439833424
1.0,1.0,1.0,1.0,1.0,1.0,-10.287195621830177
-0.878889932244354,-1.0,-1.0,-1.0,0.0596698781863811,0.7588904308163698,-5.082110322746319
-0.1300348890176996,-1.0,-0.4305329422924935,-1.0,0.7954217342000107,-1.0,4.887730087401799
0.821241916525077,1.0,0.937232454665349,1.0,1.0,1.0,-8.009029699965406
1.0,0.9605754580462424,0.7612735345263641,-1.0,-0.4908118536914478,-1.0,2.605140646296908
-1.0,-1.0,-0.6955069084820735,-0.1659442445890904,-1.0,1.0,-1.9970211699971
1.0,0.730945816572875,1.0,1.0,-0.0560809187464346,-1.0,3.4239103527370296
-0.158347561469891,-0.4413764317468667,-1.0,-1.0,1.0,1.0,5.373458649388171
1.0,1.0,0.1708300748320703,0.3439658363709987,-0.8609888699821757,-1.0,6.72013506736654
-1.0,1.0,-0.5562247837138052,-1.0,0.5549051019340878,1.0,10.924785681799138
0.149782125006777,1.0,0.2875297527297056,0.6227146362737233,-1.0,1.0,3.6025754239876338
-0.8029367747408838,0.799201927531803,-1.0,-1.0,1.0,1.0,16.19294361441681
1.0,0.7989547830872872,1.0,1.0,1.0,0.8248165145369217,-8.764023248385358
-1.0,-0.4127549512823139,-1.0,-1.0,1.0,-1.0,7.188692402996244
-1.0,-1.0,-1.0,-1.0,-0.5157516879281991,-0.0614917534520729,-5.175825886481958
0.2827764928697589,0.2703536659010586,0.9003283177239787,1.0,-1.0,-1.0,2.8649868145100124
0.1350070501860536,1.0,0.0787775024919574,-0.1468437430572309,-0.4168500712615219,-0.6620437145442333,0.45153866355594907
-0.1554744759908033,-0.526512918415613,-1.0,-0.8324702532442425,-1.0,-0.5768095713388393,0.7256277463064414
-0.8546152485993861,-1.0,-0.502884372255562,-0.3505063324320949,-0.126442833819206,-0.2931726418662286,-0.9432813077863452
-0.3621088992500709,-0.3260202897152178,-1.0,1.0,-0.9758279643338474,-1.0,-1.3192589053068557
-1.0,-1.0,-1.0,0.2049061964495644,-1.0,-0.1469825662014432,-6.773611470866984
-0.1428586492967853,-1.0,-0.7268504530675177,-1.0,1.0,0.5419157874913536,-2.378579058350125
0.3211743512974674,0.1968338535640146,0.6100704405460415,1.0,-1.0,-1.0,4.340980117947886
1.0,0.2783360186350854,1.0,0.1437051736732633,1.0,1.0,-5.374756537155008
-1.0,-1.0,1.0,-1.0,-0.4682635305842877,-0.5226492838049763,3.575964756875831
-0.8391889042140106,-1.0,-1.0,0.8937440560261132,0.451083037901268,1.0,3.494431629205567
-0.5363443487608468,-0.6273618587270464,-0.2208369400587877,-0.856480822906398,-0.9626453750434288,-1.0,3.5072477550517265
0.8077691129259175,1.0,1.0,1.0,1.0,1.0,-9.074080866156617
-0.0847411405004676,0.6816041657364394,-1.0,1.0,-1.0,-1.0,4.02012224133544
-1.0,-1.0,-1.0,-1.0,-1.0,-0.5756143038159571,0.4321945822542935
-1.0,1.0,-1.0,0.0641441886948614,1.0,-0.4462845291199502,2.7979058829724153
1.0,1.0,0.9696063412045756,1.0,0.8653764082865372,0.3220549709590565,-8.14470839994511
-1.0,-0.9454577187817452,-0.3201370476425476,0.0472009034178066,-1.0,1.0,-2.560165948631624
-0.0306685047528945,-0.8013495427055739,-0.4884981597824227,-1.0,-1.0,0.3739392756089781,3.147968048872724
-0.0337788879083538,-0.7819513035895327,-1.0,-0.9204199087342776,1.0,0.2000220611569279,-3.1705961536877343
1.0,1.0,1.0,1.0,1.0,0.7410869065811541,-10.188340655719216
0.2496339801975977,0.4416308840135619,0.7806103533240536,0.7012189751354723,-0.2623857537621696,-1.0,3.040919159217389
0.312593002048078,-1.0,-1.0,-0.0869592840038337,-1.0,-0.4103312655078472,0.10440861802695156
0.6125771761623122,1.0,0.3367852281436774,-1.0,0.0807645451092173,0.3115747612910835,0.10202753094665684
0.1223603502708075,0.6549470104538802,1.0,1.0,-1.0,0.1224083323600899,-0.8770144881395404
1.0,0.7351076066343671,-1.0,-1.0,1.0,1.0,4.889371510875184
-0.5409175629213743,-0.6594611947061593,-0.0948816349418619,-1.0,-1.0,1.0,4.059156126778523
0.4474317912829337,-1.0,-1.0,-0.9616357222158144,-0.7705254457904109,-0.8676578204307908,4.748592249112079
-1.0,-0.713621382426803,-1.0,-0.6320173684464141,1.0,1.0,4.727615316670645
-1.0,-0.1990085964736656,-0.2983060841335823,1.0,0.7213635709368598,1.0,5.899638158776471
-1.0,-0.4561083538690553,-0.4280999499081368,-0.9791283296457785,0.1357043419886854,1.0,0.9349114463815962
-0.705995487908956,0.0773951384743367,-1.0,-0.9399047850492576,1.0,0.6894997730782688,4.352090725694094
1.0,1.0,0.4764569517980801,0.1099326795374524,-0.7884858004776225,-0.2671832070643891,1.6854858772596881
-0.2070391367804296,-0.029110480249213,0.9615998657723456,1.0,-0.2706667599283343,-0.1015702720592517,-1.3535793933673776
1.0,1.0,1.0,0.6119642241225782,-0.6799066193891836,-0.386250269681847,2.0525972378700312
-0.8788739300757049,-1.0,-0.5655397248340244,-0.7957865208293453,-1.0,-0.2451963210210093,0.2303888650115219
1.0,0.998896053587902,1.0,1.0,-1.0,1.0,2.510700714398591
-0.0706264272718848,-1.0,-1.0,-1.0,0.8105487247228111,1.0,-1.4868279794722161
0.4353807483498666,1.0,0.0561340597156396,0.7737287096923497,-1.0,-0.7783553373396668,4.317333778784322
-0.4703742657245036,-0.3465261881276549,-0.0195894087222827,-1.0,1.0,1.0,5.072653873862187
0.2526572505512301,1.0,1.0,1.0,0.095695735263382,-1.0,-0.6439262700602312
0.7678968805670165,1.0,-1.0,1.0,-1.0,1.0,9.637438636686396
-1.0,-0.1862216459573833,-1.0,-0.0024406546249247,1.0,0.4162325638147814,-0.0673641113624538
0.7543715975950533,1.0,0.2889442411219527,1.0,-1.0,1.0,6.408267420190331
0.2190909534417988,0.6961418901300971,0.3492157520591996,0.8761343256515493,-0.7829634478290688,0.2878707263815989,0.7889801648673347
-1.0,-0.8683812760801057,0.2610389427259696,-1.0,-0.9116460811587576,-0.4320306820157116,3.2452458985815813
1.0,1.0,-1.0,-1.0,0.9167144548485002,1.0,8.363254180262548
-0.534492930245198,-0.250816138253082,-1.0,-0.8263937836492832,-0.7818840434679482,0.4034850611218752,-0.37379615905428165
-1.0,-0.8740029164422818,1.0,-1.0,-0.0565946416271703,-1.0,6.145664150900902
-0.1182519648999285,-1.0,-0.8400124561866875,-1.0,-0.0886744450400034,1.0,-0.37452491072652927
-1.0,-1.0,-1.0,-0.2688403069992893,-0.4145888397851949,-0.4053571110039844,-3.1573546334657303
-0.8581461176211496,-0.517240240391807,1.0,-0.058549631174078,0.9625649883219554,-1.0,5.985626615831714
-0.8623436312241757,-1.0,-1.0,-0.5879995038406223,-0.5156972028627693,-1.0,3.2423937064784187
-0.0436859683503119,-0.0891893098942586,-1.0,-0.1442442613690686,-1.0,0.3295035184399237,0.3672719929681999
1.0,1.0,-0.9206837053053464,0.2458157306188839,1.0,-0.368859453860876,-1.7863266301571037
0.9301632255866176,-1.0,-1.0,-1.0,-1.0,-0.0369015809224755,8.182086232217367
-0.6599753838196354,-0.2207468127216671,-0.8352050175688541,-1.0,0.3362468770464819,1.0,4.851044179585993
-0.9688777032482232,-0.197546039476425,-1.0,-0.2927515826432547,-0.5326356158285632,-1.0,3.973082733234716
1.0,1.0,-1.0,-0.1785602550315717,1.0,1.0,4.409347775592025
-0.8779055302785954,-1.0,-1.0,-1.0,-1.0,-0.7921992024941606,2.5379742332735065
1.0,0.2834710123749631,-0.2831329522588659,0.9843330850270208,-0.5481921996064958,-0.4013724968248304,2.1103484124626597
-0.8756173996141507,-1.0,-0.8063509864811378,-1.0,0.1766872349214738,1.0,-2.712586788743735
0.6715125104828392,1.0,-0.561401579973621,1.0,0.5585894792295074,-0.8472598390011117,1.2790197489885544
0.1932770580554081,0.967172078967884,0.6226196902840768,1.0,0.5977881776004383,0.5621350412530284,-3.133864060511136
0.744744892391977,1.0,1.0,1.0,1.0,1.0,-8.719317824410046
-0.6646896985095065,0.6261203566765405,1.0,0.7357235702466984,-1.0,-0.186819656061314,-2.2331235748509455
-0.2085176099305106,-1.0,1.0,-1.0,-1.0,-1.0,9.424242470839612
-1.0,0.3564839974004052,-0.0588868724761739,0.5132948424599004,1.0,-0.6511781588141439,2.923385116999988
-0.4149936707765895,-0.0083209565443107,-0.5358997089278013,-0.3010798450845811,-0.8252263033453981,0.1591779349436868,-0.7202657688599922
0.2811096900277379,-1.0,-0.0283053581986731,-1.0,-1.0,-1.0,11.109232818086554
-0.3253536601121551,-1.0,-1.0,0.8819947456488832,1.0,0.636846874310731,0.05813690575984587
1.0,1.0,0.6828684752453558,0.5049576899062362,-1.0,1.0,4.78257641314267
-0.2982575369319393,1.0,-1.0,-1.0,-1.0,0.6349315362907613,6.752480289007036
-1.0,-1.0,-1.0,-1.0,0.9532595905986484,-1.0,4.2670579222754474
-0.1553014154451115,1.0,0.6363893809094052,1.0,1.0,0.4810031110069384,-3.162024747483313
0.6049064796852337,1.0,0.8535456234675234,0.4184061004939186,0.0847573919469404,0.6720419403249505,-2.653193622186661
0.033083911323283,0.2664773032998964,1.0,1.0,1.0,1.0,-1.2434492155652244
1.0,1.0,-0.6382167041177786,-0.1854019845687589,1.0,1.0,3.817056584038167
1.0,0.8776423529869084,0.7183997641921969,-0.0299371149525551,0.665490995336399,-1.0,-0.23364594185257392
1.0,-0.6456869750847813,-0.0622773760642103,-1.0,-1.0,-0.7616086845313055,9.341128568049337
0.1971842675388495,0.4018760434072099,0.8782739613464274,-1.0,1.0,1.0,1.5728120758429487
-0.1703307824838456,-1.0,-1.0,-1.0,-1.0,-1.0,5.477983600103416
1.0,-1.0,-0.0075640679378208,0.53775475065916,-0.5926863886508191,-0.3553725607330933,4.132025240724156
0.1886585486097582,1.0,-0.8855106568944995,1.0,0.041092244106992,0.5051871310096114,3.120267366079165
0.4870305376265629,1.0,-0.155805012273652,-0.2189204352031621,-0.1898401350970906,-0.6021899311800918,1.0457800038643281
-0.5766544858983025,-0.6387033524502148,1.0,-1.0,1.0,0.8724252809365964,-3.4701407191232514
0.3161646253519896,1.0,0.3606341569216178,1.0,-1.0,-0.9916790697389444,6.512973668935821
0.1862044790410686,-1.0,1.0,-1.0,-0.4395256121742492,-1.0,8.273079625898909
1.0,1.0,1.0,0.6400694970039542,-0.4169083828583277,-1.0,3.592603329565362
1.0,0.0984883729272467,1.0,0.9917006026740748,1.0,1.0,-6.848975676385478
-1.0,-1.0,-0.60324842131727,0.6183973576269144,0.0398004074489601,-0.9753174814329464,1.1756157057042889
-0.7815047638327004,-0.7821168887222281,-1.0,0.2570952754950049,0.669610011801,0.8240867734909794,2.4079115751888955
-0.3230418481885957,-1.0,-1.0,-0.0927078769017704,-0.9420499732832296,1.0,3.210392619539982
0.5621732709708647,1.0,0.3872185569428661,1.0,-1.0,-0.4722876745653113,4.229954229598658
1.0,-1.0,-1.0,-1.0,-1.0,-0.8144825499450545,11.366008840061674
0.0099266170080678,1.0,1.0,1.0,-0.4070220385226868,0.3431712103052948,-3.728862732016905
1.0,0.8196702158228717,-1.0,-0.110891011717777,1.0,0.5390531293939269,-1.2532838913080693
1.0,-0.8395775208844836,0.9225112482666032,-1.0,-1.0,1.0,9.652189445748531
-1.0,0.2180617550949575,-1.0,0.2854901380382391,0.848662908085303,-0.8832750677070049,5.026780731814326
0.5849654544921117,0.7596495270800723,0.5324477544755237,1.0,-1.0,-1.0,7.289947000833263
-0.5007126925128063,-1.0,-0.9389020569372551,-1.0,-1.0,-0.848899498889345,3.8180355255486487
1.0,1.0,-0.5319620416778392,-1.0,-0.8675667234019222,-0.3536114020119369,6.587801713919728
1.0,1.0,0.5849775330936327,1.0,-1.0,-1.0,10.866057822825573
-1.0,-1.0,-0.0696559080991288,-1.0,-1.0,1.0,0.16103782576615988
-0.1014702411656529,-1.0,0.6591254443509256,-1.0,-1.0,-1.0,10.836493928704119
-0.2401197900997274,-0.4225932197387054,0.872687041863508,-0.6375704709376775,-0.2570570811751447,-1.0,2.8267146920555355
-0.7038784436489498,-1.0,0.140362750357833,1.0,-0.8606867835616607,-0.6539413614091787,-0.8725374610516973
-0.6128587439540152,-1.0,-1.0,-0.3126355641164222,-1.0,-0.0415216808068319,-3.5721722605826116
1.0,-1.0,1.0,-0.3001331042127111,-1.0,-0.20299388575692,11.259427373834026
1.0,1.0,0.7886902125902524,1.0,-0.9058656328296932,-0.3010185858265124,4.904313829131107
-1.0,-0.0390864788145766,-1.0,-0.6317809357296724,1.0,0.0700407491018273,-1.195132561352593
0.7297766442613915,1.0,-0.6321564301353944,1.0,0.4519078249851265,0.9438883967378112,3.8870412079762255
1.0,1.0,-1.0,-0.0025159453795262,0.6806671350219353,1.0,4.205630271158886
-1.0,-1.0,-1.0,1.0,0.0319107048384812,-1.0,-1.450873512750058
1.0,0.0564565003193839,0.2704341604700815,0.5938354088496414,-1.0,-0.1066936137766947,3.142606533415175
1.0,0.8340425712276669,1.0,-1.0,-0.1665908201897794,-1.0,-0.05189042802803223
-1.0,-1.0,-0.899461893234907,-0.8893322606885925,-0.4483279223986001,0.4941204172981601,-4.937497711720464
0.6977234592018684,0.0492840902541256,-0.8113239244528958,0.619035068981767,-1.0,-1.0,4.539510859436447
1.0,-1.0,0.9605026518285684,-0.6675004737100272,0.219006970719036,-0.9539172950747286,7.766281352617872
1.0,-0.807493377891294,-1.0,-0.3566391942946998,1.0,0.5546771493814449,-6.969517208198505
1.0,1.0,0.9148583934829267,0.4526615079406071,0.075331420912881,0.1998805072117513,-2.58615884093572
1.0,0.4980877337035556,1.0,1.0,-0.1098621644870712,1.0,-2.46569561791958
1.0,1.0,1.0,0.5263381580634663,-0.6929010383082548,-0.2331824498142494,1.4579705072063045
-0.0274399391469528,-0.5356617929782195,-1.0,0.7574545768951446,-0.8731155400837942,-1.0,0.06910523841452665
0.5385457955009649,0.4201777746732975,0.7386468343360424,-1.0,0.2608774007211301,0.8311031968907201,-0.23790160453613984
1.0,1.0,0.9857531740002436,1.0,-0.9816416437065716,-0.6119782667912488,6.363297996392852
-0.1769656941767057,-1.0,-0.9852744668902896,-1.0,-0.0610409295420901,-1.0,2.8945135282109713
-1.0,-1.0,-0.6535609850868596,-1.0,-1.0,-0.051363483662324,-0.19672778676323877
0.9909573816576128,0.6194929064056587,-1.0,1.0,1.0,-1.0,-3.451585235663414
0.4488310704472873,1.0,-1.0,1.0,-0.7666989191388036,-1.0,8.238022226788651
-1.0,-1.0,0.6471007873116916,-0.8784619102846103,-0.3640807216217803,0.1397208278879043,0.11665721317745292
1.0,1.0,0.4432361435176084,1.0,1.0,-1.0,-1.5927274958958604
-1.0,0.7472781498763652,-0.8770341724048325,-0.7736147477297914,0.3079584145073299,0.3854982201325156,2.7560410923608223
-1.0,-0.0754262861018086,1.0,-1.0,-1.0,0.8756348113251617,-5.300943078089475
1.0,1.0,1.0,1.0,-1.0,-1.0,8.753765296803357
-0.3690348108111421,-1.0,-1.0,-1.0,-0.6378968671079217,-1.0,4.057435862775243
1.0,1.0,0.3751255060188811,0.3117364006691918,-1.0,-0.3028194076200818,2.7585194843469854
-1.0,-1.0,-0.7454766305142373,-0.7393910894512619,1.0,1.0,1.7607518891122993
1.0,0.2027807342610219,-0.0163904464729838,0.8424046171165025,-1.0,-0.2517680848568688,3.4730001552966363
1.0,0.5575156513955912,-0.0273980124331518,0.6492605618894896,1.0,1.0,1.0078126597428785
1.0,1.0,1.0,0.048286534239943,1.0,-1.0,-4.391820889148249
-0.112727126093278,-1.0,-0.2584814310445065,-1.0,0.261547441693102,1.0,-1.5141715381109684
0.5868212526669074,0.5323639584614765,0.5757574076292586,1.0,1.0,1.0,0.20435294297415163
-0.5767531323112447,-1.0,-0.6270766579589928,-0.5569740552090079,1.0,-1.0,4.633021227069942
0.5404546227302764,-0.8488152165134324,0.7331018375727854,-1.0,1.0,0.5616384111849357,-2.426205208545591
-1.0,1.0,1.0,0.7685282663975503,-1.0,-0.0118879821286703,-4.937612391622359
-1.0,0.2695502243694696,-0.6484271998546884,-1.0,1.0,1.0,9.717073339861901
-0.3725834120242168,-1.0,-0.1490004769224187,-0.640125141012339,-1.0,1.0,2.998310888589564
-1.0,-1.0,-0.2856984262851794,-1.0,-1.0,-0.6501558257546352,4.073237596056064
0.564617703939414,0.5733590737199243,1.0,1.0,0.1114695085855035,0.0809291906452944,-1.9213217204587743
0.72573154579611,0.449345296720685,-1.0,-0.6163919508417255,0.9123522795459182,0.8515631396821153,2.163945679282018
1.0,1.0,1.0,0.2877381101870284,0.5114887862928199,-0.1571932645118829,-3.6393581449947137
0.7209756533303682,1.0,1.0,1.0,-1.0,-1.0,6.089980249584662
1.0,0.3556035925797016,0.669466863683652,1.0,0.6340511264514355,0.6919031994700056,-2.6715941402832355
1.0,1.0,0.5986534605215836,0.3557946183463518,-1.0,-0.4927096755561391,3.0662662566306844
1.0,0.4527784365880223,1.0,1.0,1.0,1.0,-7.149729725000838
0.5546790553671088,1.0,0.3207311759555178,0.709875894581927,0.8911851630018834,1.0,0.8141126307269441
-0.9112165981498968,-0.3300854385554035,-1.0,-1.0,0.8789272806306836,-1.0,6.766861306856372
-1.0,-0.3073620847935312,-0.8956970301272824,-1.0,0.9692348279423828,-1.0,7.37895485996609
-0.9326773907326682,-1.0,-1.0,-1.0,0.3375740279259291,0.6051509613997041,-6.599984863366046
0.6801481385052666,1.0,0.389445244989532,0.1625625733427758,1.0,0.7807186963819195,0.06703953622884506
1.0,0.0637843819781065,1.0,0.9249850294267644,-0.8357237030925706,-0.3255190664729628,4.083484883218263
1.0,0.5148665954626581,-0.5657464677278663,0.4556412991352438,1.0,0.1610282765774042,-3.1947131965613984
1.0,1.0,0.2264974860979514,-1.0,1.0,0.5560790767051231,2.5527916494097638
-0.9623425055405092,-0.0668187486643985,-1.0,-0.1909978715470712,1.0,0.4957731099808065,0.9888609942825527
0.8773372324260669,1.0,1.0,0.1039907170100122,0.866344883952733,1.0,-5.444273444856145
-1.0,-0.7883807831595138,0.8667139138715496,-0.2335548571488594,-1.0,-0.7774770438827587,0.7754865867181854
1.0,1.0,0.4714849755692967,1.0,1.0,0.0305909834991831,-4.354166172789494
0.8519655393498007,-0.2026638976811094,-0.1475990435626912,-1.0,0.5279139503413564,0.5980478152496889,-0.32618269257693056
0.1847808187622772,-1.0,-1.0,-1.0,1.0,1.0,-2.1655928241566005
0.8540817021155462,0.5017552807603207,-0.5513059080908778,1.0,-1.0,-1.0,7.020214489785346
1.0,1.0,0.8472208947116793,0.4897814477863893,-1.0,1.0,3.5119082446041068
0.9767368458411364,0.7171035011314322,-1.0,1.0,1.0,-1.0,-3.0119618885625554
-1.0,0.0477068403739708,1.0,0.5529935955777241,0.8402239819393891,1.0,-0.7175218003789646
1.0,1.0,1.0,0.4785204581473226,0.3839411308770111,0.0119032465724886,-3.7805317532781135
1.0,0.6345540749658698,0.7456995074779187,0.5492995485538685,0.9241789096771328,0.0099547193971898,-3.579527195431808
1.0,1.0,-1.0,0.1482814143879396,1.0,0.1285241623530661,-1.3755481555489153
-1.0,-1.0,-1.0,-0.8925534329871432,-1.0,-1.0,4.192960110710532
-0.4255412593148215,-0.2254948604959408,0.1295684636588143,-1.0,-1.0,0.1522854007737126,1.3448629767511342
-0.1621254173257418,-0.3223764468219305,-1.0,-0.3921744834427656,0.3465973687427433,1.0,6.0127213730373015
-0.9174886503177728,-0.2973870327677472,-1.0,-1.0,-0.3694456695567041,-1.0,3.598803685479226
0.2823137209458277,1.0,0.0372010237859019,0.9325041849641704,1.0,1.0,2.7766696733603755
-0.6783144281923355,-1.0,-1.0,-1.0,-0.0946467727820725,-1.0,3.107759929454412
1.0,1.0,1.0,1.0,-0.4381120709873614,-1.0,5.559886150449462
0.9569669958952473,1.0,-1.0,-1.0,-0.2128579654720872,-0.2527680785141899,0.8928289724223148
0.8767172686788005,0.1186397415082904,1.0,0.2289860536821544,-0.9786925487271252,-0.6534122871122516,5.2231270372847245
0.2976593301588623,1.0,1.0,-0.4957433349379228,-1.0,-0.3697848120898632,-2.143940583872968
0.5509426115917451,0.7043688919498872,0.2923376030381202,1.0,-1.0,-1.0,7.275529011031767
1.0,-0.5929983103870069,0.8527830603147772,0.3272632687867529,-0.717441995615328,-1.0,9.564732231105484
-1.0,-1.0,-0.6331548959053181,-1.0,0.2461370537391709,0.0424692406440103,-4.155790451962744
0.3319810505646601,1.0,0.5347950945886946,1.0,1.0,0.325573323712987,-3.1570760959140998
-0.7825919532846553,1.0,1.0,-1.0,-1.0,-0.747144808444741,-6.369976191215063
1.0,1.0,0.657391650081375,1.0,1.0,1.0,-4.758375256867515
-0.5150497166480925,-0.4516771553176915,-1.0,-0.6974990470776676,-1.0,0.7109694972594971,2.129364290286893
1.0,1.0,1.0,1.0,0.1699068275758959,1.0,-5.9728365597140165
1.0,1.0,0.4172524990199042,0.2210727376348522,-0.2017370139532455,0.8482827892048386,1.2944944067945303
-0.0449807180130159,1.0,-0.0146113902039364,-0.7879166763267613,0.9960834852820606,0.9933803380278908,8.53148804961235
0.8442783533215967,0.7478638752391982,-1.0,0.3899716335569669,-1.0,-0.5799223465140184,4.723942855504923
-0.281961797946417,-1.0,-0.1883312913320565,0.8096319357815762,0.8374790784659079,1.0,4.240211395631189
0.2285295105984253,0.2083370349826785,0.0763957670872057,0.2342099003763853,-1.0,-0.7830648920299961,1.523394980711677
1.0,0.9495352610082484,1.0,1.0,-0.5451260791604657,-1.0,6.4014099740075405
1.0,1.0,1.0,1.0,1.0,0.7026535852111766,-10.13827735408948
1.0,0.4866691776235119,-1.0,1.0,-0.9230861800488412,0.54343332474256,4.165714051097561
-0.96606459809445,-0.5868069376399143,0.4313109668347714,0.572778549578957,-1.0,-1.0,0.0037748397077027596
1.0,0.4575770148129094,1.0,1.0,-1.0,0.5034868512365738,2.918381807504193
-0.1375090881453942,-1.0,-1.0,-0.5068119152241448,-0.6056197772469429,-0.5243672131146628,-0.8576809898742864
-0.673601881112085,-1.0,0.8212498894068434,-0.0930207141011614,-0.8179315402356593,-0.714442199951896,3.0084449117119
-0.5985555203043782,-0.5386468543852192,1.0,1.0,-1.0,-0.6064163129494751,-3.138669662849659
0.240948479109454,1.0,0.864388517487952,0.8797056871711388,-0.2467489311841328,-0.380318790494135,-0.9103494448284667
1.0,0.8519858479199227,0.6141068060005264,0.9299242274016116,-1.0,-0.0155880154544711,4.170032229794418
-0.1506482054635614,-0.2103142188302971,-0.8322857231188394,-1.0,0.0667866192394668,1.0,4.489245604343776
0.4891703251835344,0.7132197813342391,0.9741910932544025,1.0,1.0,1.0,-4.677543791574124
0.9520356339092026,1.0,0.891691482667418,1.0,1.0,-0.9444459777515896,-5.6929378271977065
-0.8253278508507458,1.0,0.960914303922204,-1.0,0.588401625562561,-0.993950705348726,-2.402580573182351
-0.8232516457801162,-0.03648129236574,-0.2848426540103765,-0.2257453292215385,0.5622592557510016,1.0,4.718679720273629
0.0094191677416746,1.0,1.0,0.761250120507849,-0.9156341009556844,-0.889725730063367,0.0943383392978866
0.588239999541396,-0.0987468589947342,-0.0422382613139586,1.0,1.0,0.6304242789950345,0.29414949773084587
-0.0594508874894184,-1.0,-1.0,-0.7190633690458266,0.6998716271931451,1.0,0.1979828905165133
-0.839483074182114,1.0,-0.2588674864141418,-1.0,0.998610396473854,1.0,11.454672390623259
0.6229095895677039,-0.9950234803407558,0.4898621240232099,0.8789483869812202,-1.0,1.0,11.04440308124083
1.0,1.0,0.4396822071570949,1.0,-0.3061875333400981,-1.0,7.7028613465033615
-1.0,-1.0,1.0,-0.2734299612090609,0.8268867894405523,1.0,-3.2158692827559943
1.0,0.9108013505447184,0.0354932582086171,0.7871228644548995,0.3312107670985846,0.6358493798214646,0.1170335833776247
1.0,1.0,1.0,1.0,-1.0,-0.0047859336640525,4.192297338483022
1.0,1.0,1.0,0.9994189307577916,-1.0,-0.594988531252995,6.339454829541104
-1.0,0.7097873413016393,0.9429374813880772,1.0,-1.0,-0.1846817360992154,-2.9011018032937184
1.0,1.0,0.6072871041786303,-0.2779930450904722,1.0,0.2609677177994147,-2.3169414361275145
0.5524449041258686,1.0,1.0,0.8948764458439624,-0.7508878774793406,-0.1866559540963304,0.49607083704685706
0.9948427387049164,-0.7901759951722849,1.0,-0.2819937824669203,0.9517746149009982,1.0,-7.781778018183735
-1.0,-1.0,-0.8259780177852949,-0.4368348417746917,1.0,0.0278241912631127,-3.158815258078045
-0.2954226861840845,-1.0,1.0,1.0,0.5222142693216687,1.0,2.414529288584921
1.0,0.1937307232935456,0.2605581203297782,1.0,-0.1053880821968065,-0.5389790222384592,2.0934732460350762
-0.9071182656990008,0.437346847994523,0.664385779793818,-0.7559231752241866,-1.0,-1.0,-2.927565102883463
1.0,0.908101095028925,0.0795633994393323,1.0,1.0,1.0,0.4012219502885629
-0.0145150986517692,-0.8253149784385232,-1.0,-0.9274991435526584,-0.1320117442414843,-0.3951779898278145,-1.2517533340540714
-0.089122391517082,-1.0,-1.0,-1.0,0.1097619759036818,0.721968865945475,-3.177829726578725
1.0,1.0,0.9814690700682682,0.0486331726588609,0.1570751760661262,0.8090153343760236,-3.64740174956788
-1.0,-0.3594992382627568,-0.6143347661571892,-1.0,-1.0,-0.3758210827354147,-0.21986871049961854
-0.6116727254005334,-0.5608829406371505,-1.0,-1.0,1.0,-1.0,5.925371383510029
1.0,1.0,1.0,-0.7801470634467937,-0.3595675843632868,-1.0,-0.13731404143362258
-0.2604304744528465,-0.8702607946873362,1.0,1.0,1.0,0.6619031720237982,-0.4466325378589372
0.105435126661167,0.6466134439073898,0.5376426487691972,0.9139617806500347,-1.0,-1.0,3.9090353630697297
-0.1402220479891136,-0.4170899633433722,-0.9337480685304798,-0.8844279782230409,-0.2173523308379998,1.0,4.989651483831809
1.0,0.6780517732902405,1.0,0.6775971791603963,-1.0,-0.6110756521553646,5.4822599488731765
-0.4342271340262713,-1.0,-1.0,-0.7188728242918541,0.0098035827767322,0.0108999505615168,-3.7858500050239687
-0.5729886901727079,-1.0,-1.0,-1.0,1.0,0.558865061670546,-4.853179106948312
-0.8300386080174866,0.8202284304305794,-1.0,-0.7767036092875395,0.3524138624808566,0.7576171845239152,8.350122743669365
0.0734940799071031,0.4206981584895848,0.6414979358641408,-0.3258566361187136,-1.0,1.0,2.8827041413607173
-0.1875194087942264,-0.5555023693941123,-1.0,0.6923221195461922,-0.0649788272388069,-1.0,1.8323052170779044
-1.0,-1.0,-1.0,-1.0,-1.0,-1.0,4.806091110911384
1.0,-0.0168907826116069,-0.497248956728012,-0.392199689317485,-1.0,0.4489211587936472,4.181883609317527
-1.0,-0.0118264465529227,-1.0,-1.0,0.5001168213229457,1.0,7.334175743180006
-0.9075809464896674,1.0,0.7034443105077359,-0.1262247426020788,0.5778770788363168,1.0,1.765237072651686
-1.0,-0.8662838752358253,0.9934599082300212,-0.1425737412439229,1.0,1.0,-3.1842071096910365
1.0,0.4190033103824788,0.9167361886667448,1.0,-0.0222055416582502,-1.0,4.021196651911416
1.0,1.0,1.0,1.0,1.0,-1.0,-7.271093066753682
1.0,1.0,1.0,0.5997154780540608,-0.5166533548885774,-1.0,3.881052235371426
1.0,0.769702111536839,1.0,1.0,0.1593741838228155,-0.583615292846114,-0.09396303020089258
1.0,1.0,1.0,1.0,-0.826347811552629,-0.3218299616700975,4.28455386280842
1.0,0.9304213908913208,0.9034462695137347,1.0,0.323200901488303,1.0,-4.9713080162047145
-0.7919699688530726,-0.150209215521919,-1.0,-1.0,-0.9487031991019964,-1.0,1.4411444615117528
-0.3412315465179036,-0.0548320795271,-1.0,-0.9598711121127111,-1.0,-1.0,0.4226347759766279
0.0904514311748327,-1.0,-0.3548301013476318,-0.1264359659738934,-1.0,0.8819438048349697,2.3514754841321275
-0.5738745569186814,1.0,0.3629434146212131,1.0,0.6575070889192618,-0.8036048609398436,-1.120869353906432
1.0,1.0,1.0,1.0,0.6455712600695642,0.7102910268841718,-8.226273745331603
-0.9518032191165076,-1.0,-1.0,1.0,0.8754641604430864,0.8729494540385083,1.6271215334660862
-0.92933754352429,1.0,-0.2273162270962276,-1.0,-0.5596262067035276,1.0,5.8244693413450115
0.6165343280183253,0.311835223201192,0.8795413234341343,1.0,0.5325944756657923,1.0,-2.3064482634450494
0.8675567999472911,0.240426222746189,0.6392442667183376,1.0,-0.9910297267964938,1.0,5.229942021226674
0.2511982481313421,0.5034092478451238,0.365281449232844,0.1512767829842338,0.4322991321080012,-0.2089966105441902,-0.04919850872823894
-0.5272570179536866,-1.0,-0.4104863406630612,-1.0,-0.7459059316387402,-0.6638086060263062,3.431584888908799
-0.6160428094549264,-1.0,-1.0,-0.1951664759756888,-0.1108510981819477,1.0,2.2175350868816266
1.0,1.0,1.0,0.439880683977601,0.6775446028771952,0.4806582875869283,-6.0604710010877465
-0.0811833136738924,1.0,-1.0,1.0,0.195654819512234,1.0,8.60516411163045
-0.5350538175607529,-0.1943517940487296,-0.1884814929390323,-0.211099565845438,-0.1077082068266468,-0.2669501623907333,0.0697297610217702
1.0,1.0,-1.0,0.5986949550577203,-1.0,-1.0,10.381234827280263
0.0268456946849893,-0.0691360194210417,-1.0,0.7076796679009492,-1.0,1.0,7.161735614503538
-1.0,-0.6662679656659827,-1.0,-0.152872416274681,1.0,1.0,6.0091308787944016
-0.4511038976289612,-1.0,-0.7769732461799628,-1.0,-1.0,-0.7830618508523526,4.097170142225406
0.2999256545360553,1.0,0.7097479405970126,-1.0,-0.5000711157894686,-1.0,-1.3556063201296165
0.147543185299444,0.9182764702793662,1.0,0.4615030369734445,1.0,0.2086251793080686,-3.5190077780887474
1.0,0.3462390273142721,0.3763493526258845,0.1395301871828325,0.5787345240640871,-1.0,2.2978983673179063
0.8721625486232749,-0.0034610705667217,0.1853868601139543,-1.0,1.0,1.0,1.2869079209167298
1.0,1.0,1.0,1.0,-0.4490360726239317,-1.0,5.635996171665686
1.0,1.0,0.4251347062743482,1.0,1.0,1.0,-2.2451198928281126
-1.0,-1.0,-1.0,-1.0,-0.2437226034875403,-1.0,3.1179018154375364
-0.5510503439216059,-1.0,0.7134831482700359,-0.8731158195166167,0.1736171895366403,0.5085798824474128,-0.9137336371118087
0.2442922435020984,0.2881755794249148,1.0,1.0,-1.0,-1.0,2.0005488798984383
-1.0,-1.0,0.9719850773603544,-1.0,0.4046078422279613,0.5652180871990364,-3.4895350130336276
1.0,1.0,0.8192901036496252,1.0,-1.0,-1.0,9.848104096659352
-0.2482561704852461,-0.4849079202084219,-1.0,-0.5249588733340655,-1.0,-1.0,1.850218275648059
1.0,1.0,-1.0,-0.8701011583388125,1.0,-1.0,-4.404296338382725
-1.0,-1.0,-1.0,-1.0,1.0,0.142225383451888,-7.753856076842574
-1.0,-0.6982755711155388,-1.0,-1.0,-0.6430378182235821,-1.0,3.8030150021129705
1.0,1.0,1.0,1.0,-0.263707612615897,-0.1314537164552238,0.18046743586864544
0.1982466439153756,1.0,1.0,-0.8263717073886838,-0.0241075530283345,-0.7570714710607376,-4.280689791070845
0.167503490302596,1.0,1.0,0.8059105745333153,1.0,-0.1244631660235913,-4.8017936627479045
-1.0,-0.2824784203757569,0.2697493745880339,-0.6158827678034782,0.3210741635764129,-1.0,4.3689321871725335
-1.0,-1.0,-1.0,-1.0,0.7711234611650675,-0.1685697829724981,-6.946005621851668
1.0,0.3052518284585857,1.0,-0.5617882089590551,-1.0,-1.0,6.677656299844379
-0.7278926768228966,-1.0,-0.336725930473017,-1.0,1.0,0.2975097437595608,0.06357781757184977
-1.0,-1.0,-1.0,-0.0022045191635571,-0.9795904547173608,-0.8878791385640954,-1.8840211905033515
1.0,1.0,1.0,1.0,0.5901245949930602,1.0,-8.458449268789884
0.3799176078127773,0.6903618860244902,1.0,0.2752969039588502,-0.9464190757774528,-0.3006463604388898,0.3906569635322662
1.0,1.0,0.483926955735392,0.8648770455398591,-1.0,-1.0,9.821144586571982
1.0,1.0,0.9542370571858332,0.6699998517067334,0.6965709746017581,0.5822713329403597,-6.590975083730032
-0.7330373169780608,0.4939404771921587,-0.7287386891987219,-1.0,1.0,0.5039270790109318,4.0600113651160035
1.0,0.5193731134668782,-1.0,1.0,-1.0,-1.0,7.613876339707424
-1.0,-1.0,-0.5276305573793751,-1.0,0.94924997097103,-1.0,7.481822691262996
1.0,0.5344806601429619,1.0,1.0,1.0,1.0,-7.3776345847563505
1.0,0.832063255810876,0.0090991519215111,0.4327050001166113,-0.0188464195616215,1.0,3.2119353899046086
-1.0,-1.0,0.5069054423605923,1.0,-1.0,1.0,0.6541277905908666
-0.8752416970828749,-1.0,-1.0,-0.5414265967992593,-0.7506009042103305,0.6115534816807804,-3.2979400815157653
-0.9649838731982954,-1.0,-0.5933623425591585,-1.0,-1.0,0.8347839974901796,-0.242777014237051
1.0,0.0873400937298851,1.0,1.0,1.0,-0.5710710330903446,-5.137525765114992
1.0,0.2175137304709842,-1.0,0.207014053606406,0.1659422687998835,-0.7452382600193121,0.38117798734364006
1.0,0.4135709327238221,1.0,0.709396218098403,0.3216178126104423,0.3600258469036814,-2.6522287694372864
-1.0,-0.4439007668884058,-0.8615565517080361,-0.8081229791083004,-1.0,-1.0,1.921507331962149
-0.266713870315183,-1.0,-0.7238966713151382,-1.0,0.0803926071492087,-0.378890892901639,-1.675301865697917
-0.8846889138574232,-1.0,-1.0,-1.0,0.9500356407478332,1.0,-1.0746164663256539
-0.3364885541262787,-1.0,-0.2436017838616839,-0.8250567580577362,-1.0,-0.5592147305905151,4.293888746893616
-1.0,1.0,-1.0,-1.0,-1.0,-0.2044962355311392,0.7086350858049973
-1.0,-0.3924460201780615,-0.02309559395516,-0.1269719477071398,0.7848888571726591,0.0005382256064434,1.7578043737963367
0.841937480517357,1.0,1.0,0.1062246715574217,-1.0,-1.0,1.722515105338506
-1.0,-0.3915853765473727,-1.0,-0.2225670082706221,0.8392395833254509,1.0,7.180488959923268
0.1295343890714653,0.8236424940898637,1.0,1.0,-1.0,-1.0,2.509569372164893
0.1423203641956145,0.9056100027803672,1.0,1.0,1.0,-1.0,-5.085912229642226
-0.2589560377779361,-0.8711080127976609,-0.10303492398872,-1.0,0.2204126245813349,1.0,-0.750104382775061
-0.1080626022710451,1.0,1.0,0.5735377110403028,0.4879065142691425,1.0,-3.7736408173318985
1.0,0.6570028999269246,0.0345414834304846,1.0,-1.0,-0.8714156457125362,8.50766267345409
-1.0,-1.0,-0.6794532272887068,-0.976645057002832,-0.5377587781985014,1.0,-1.9127592521430241
-0.8331794334920883,-1.0,-0.4489066280268317,1.0,-0.8549640301030743,0.2659645033324918,-2.494381630317262
0.079414747861819,1.0,0.6126039728136918,1.0,0.8567375140625682,-0.8019186817960171,-2.033394472023736
1.0,0.0830074297504595,1.0,1.0,-0.5893555499356726,0.7653847461836933,0.11941184024893048
1.0,0.5484827028946064,0.3531023269113749,1.0,-0.6028122315192253,-0.8506307743986057,6.8633557854364575
-0.2493445639173312,-0.5378268080328903,-1.0,-1.0,-1.0,-1.0,3.128588716649814
-1.0,-0.0395350783067978,-0.1125393546024235,-1.0,-1.0,1.0,1.314171400819654
-1.0,1.0,-0.0780952728266555,0.1256033930865434,-0.3158270554467783,-0.4121100618505027,-0.47576274374407335
0.2360002138967765,1.0,1.0,0.2786533198729133,-0.2090065483228089,-0.7106550886941612,-1.2712209119456732
-1.0,-1.0,1.0,1.0,0.0521139827712868,1.0,0.993045170803979
-1.0,-0.1335383042124451,-0.248321096448151,-0.3977008721226867,1.0,0.501015296223934,3.3393837241160043
-0.9726180479743264,-1.0,-0.7114394491368636,-0.0006580967711753,0.4527227599417716,-1.0,3.8959646422417453
1.0,-1.0,0.6600787996034274,-0.7796829305650885,-1.0,-1.0,15.948950662871567
-0.5723565484139104,-1.0,-0.8564874191104397,-1.0,0.1282795168321739,-1.0,3.187208171019371
-1.0,0.368942033812671,0.235894050331562,-1.0,-0.9648184109486742,-1.0,-1.7297063941397246
1.0,0.6022448050734301,1.0,-0.5628340395746712,-1.0,-0.0070695723313811,4.121148764149538
-1.0,-0.6823365890610356,-1.0,-0.0216484676915464,1.0,0.175790097679457,-2.935557426005166
0.8900809400228409,1.0,0.5408210936477071,0.4933851736860541,-1.0,-0.3897187673834341,2.702090247194181
-0.9215727593350048,-1.0,-1.0,-1.0,-1.0,-0.763757313121066,2.1968641845243977
-0.4355235278730964,1.0,1.0,-1.0,1.0,0.022766095002769,-2.0005809297594963
-1.0,-0.8894890906565507,-1.0,-1.0,0.3219725885248217,1.0,-1.4130592917042528
0.743011913488733,1.0,-0.846602823855352,1.0,0.7251108395310293,0.6833700597705503,1.7988539885754995
0.2246481788421981,1.0,0.7899391152719,1.0,0.0446555541646578,-1.0,1.0681091860609806
0.8302306848802532,-1.0,1.0,1.0,-1.0,-1.0,9.816578834000952
0.8007795880131328,-0.9067508709572072,0.3705785055528878,1.0,-0.6439890125169554,-1.0,8.737137384167278
1.0,0.780730835959599,0.9333100736132556,0.6338171684197398,-0.6685158763434482,-1.0,6.090709564129675
0.3348098943943238,0.7679855585959909,0.4149736388700555,1.0,0.905901661119966,-1.0,-0.08093283458011113
-1.0,-0.8458118557682752,0.4179473937586444,-0.3462934752484001,1.0,-1.0,8.932901814777559
-0.0220155887496118,-1.0,-0.8111419875142167,-0.2431621322123336,0.2170330478782762,0.0502949676751625,-1.8521022470251527
-0.4007405797317687,-0.7153432931775487,-1.0,-0.4680996759880131,-1.0,-1.0,2.0528889876322833
1.0,0.673829919065821,-1.0,-0.584902092560581,0.3228456373206705,0.2914370083688409,0.12629574541252675
0.7513641190612608,0.8448201007883043,0.4093438392883375,0.3865925747775487,-0.9064103866638684,-1.0,5.257932747012662
1.0,1.0,0.9725568046301634,1.0,1.0,0.0099237254323609,-8.189726039071193
-0.9197696690381144,-0.202135973699489,-0.2480303741280429,-0.9215412938050268,0.7231576061111697,1.0,4.773918136392362
0.0508374235396595,0.1761360233399524,1.0,0.4400872586629867,-1.0,-0.3071434237727635,-0.18987475066268156
-0.5990529966766232,0.2707663098197927,-0.7494039619353572,-0.6698498276095455,0.5540492592846367,0.6160799394801151,3.084907541780102
-1.0,-1.0,-1.0,-0.6825659660229786,-0.960062370666285,-1.0,3.088138373844602
-1.0,-0.1710996218158846,-0.5177049042521964,-0.9520111834898964,1.0,1.0,7.539470641999345
1.0,1.0,0.4334285875535113,1.0,0.2847454086869456,0.2388934987276691,-1.4343077834482987
0.4567332148826775,1.0,-0.7921891980496469,-0.6557444907459866,0.5448947332338563,1.0,9.175848140326227
-1.0,-0.8457845396602033,-0.996371740858026,-1.0,0.3779614247407672,1.0,-0.7491222458843313
-1.0,-0.6709910717301373,-1.0,-1.0,-0.1396238901057345,0.4086872213839041,-4.259764832406571
1.0,0.9003619176104534,-0.656421497678433,-0.5660122842401384,-1.0,1.0,14.65428899096232
-1.0,0.2489552349034653,0.7483882693481827,-1.0,0.5544487873375759,1.0,1.5402065742405295
-0.77544391171423,0.6583603759839598,-1.0,-1.0,-0.4624687231502713,1.0,10.057013557578856
-0.4787889682339159,-1.0,0.8456650636391749,-1.0,0.2939517961717506,1.0,-3.867744027789012
0.3015067948473875,0.7244613151627346,0.8174758093813352,1.0,0.3708612097712911,-1.0,0.4195618336032936
1.0,0.7528923886861238,-1.0,0.7216927708217951,0.7706518765747215,0.3691720865138281,-2.5783943385091836
1.0,0.944643046076302,1.0,0.0124883897615275,-1.0,-0.0365238156203737,2.0302584587369994
0.4852625108560189,1.0,1.0,1.0,0.9894742531995566,1.0,-7.463522853198155
-0.476747473094725,-1.0,-1.0,-1.0,-0.6473064104003456,-0.9429984017288968,3.3097863713706084
1.0,0.2172990409203834,-0.8565333840987581,1.0,-0.8861010459220751,-0.9134669279287664,5.128592900022689
1.0,1.0,1.0,0.5992367915724524,1.0,1.0,-8.386164783408244
0.0716173247964335,0.4070256369164784,-0.9928807277244236,-1.0,-0.2704558912891093,-1.0,0.3887170460866227
-1.0,-0.118985940949079,-0.5283127261924044,-0.2073704121325632,0.7106703028665364,1.0,6.262944462527606
-1.0,-0.1792985219331542,-0.3715344422854831,-1.0,-1.0,-1.0,0.49637049458495086
0.7291946106068119,1.0,0.7077308100222939,1.0,1.0,1.0,-4.1452548289117805
0.5582244772114588,0.6116324513693177,-0.6059041919069836,0.9329094313472536,0.1328864465640646,0.9649918363549445,3.9860134855809393
-1.0,-0.1187709301273438,1.0,-1.0,-0.6190853615156149,-1.0,-0.11383563763270577
-0.7268261632940733,-1.0,-0.4197785227650348,-0.3370766457349794,-0.5233037986498195,1.0,-0.3390658455207963
-0.9187007303746876,-0.365672142924734,-0.5484049415865204,-1.0,0.8836004289950945,1.0,5.584605561280316
0.4224192569737452,1.0,0.772554669534288,0.3338762635809587,0.2989214292470263,0.3608068260759276,-2.357473299248892
1.0,0.8744946299334839,-0.6298202411602924,1.0,0.0740033898722689,0.5735420077710711,1.8120097755035216
-1.0,-0.6898210358656438,-0.4800980730974049,-0.5565626049809327,0.0664261878348191,1.0,0.9608078397170936
1.0,0.0841215735846983,-1.0,-0.0329534363589005,-0.4980132471417526,-0.509814414072777,2.728879129224727
-0.8282832384096537,0.3934020383070908,-0.7589197707036992,1.0,1.0,1.0,8.928249543973712
-1.0,-1.0,-0.2294645794230845,-0.8271314484944083,1.0,0.3835859792328964,1.0305981452059756
0.6485154088739706,1.0,-1.0,0.4538261274132182,1.0,0.0311619058936287,0.32110890434506667
-1.0,-0.6022298644141613,-1.0,-0.910133302878638,-1.0,1.0,4.358950807470322
1.0,0.9230185303464202,-1.0,-0.40816073291344,-1.0,-1.0,5.907939368639931
1.0,0.804399634073059,1.0,-0.2364365497331588,1.0,0.8714576340905393,-4.579364995760942
1.0,0.6520620370603802,0.3125812991698804,0.7819206483821284,1.0,0.3397450402524626,-2.813618070410039
-0.4894333349701376,-1.0,-1.0,-1.0,0.5067404211049498,-1.0,3.0789795603849233
0.473357039313006,1.0,1.0,1.0,0.3798171942519286,0.8779184919929834,-6.534726168678073
-1.0,-1.0,-1.0,-0.7165250033909165,1.0,-0.4673841194063353,-3.5379789242261506
-1.0,1.0,-1.0,-0.7899980745050772,-1.0,-1.0,2.660609618189666
1.0,-0.3700547018373461,1.0,-0.2941851065252607,1.0,1.0,-6.932985230122213
1.0,0.8067856125131041,1.0,0.4675603191900357,-1.0,-1.0,5.916799199947665
-1.0,-1.0,-0.3251602013957058,-0.6859790608572287,-0.5918978897160561,-0.46467620673821,0.33913591352932093
0.626118237094351,1.0,1.0,-0.7230547447803155,-1.0,0.4574332165100625,0.7605078476788724
-0.7039305054491722,0.6749474410941403,0.4186014436278253,-1.0,-0.4829625911559043,-0.7120414823194585,-1.3174111060890414
0.111133219280795,0.9585852852742812,0.2809393776059414,0.7289658868584503,0.7751075519055282,-1.0,0.650691257195236
0.5180337012099927,1.0,1.0,0.4445650412721704,-1.0,-1.0,0.7780116828583935
-0.0921614915535666,1.0,-1.0,-0.3903296590399259,0.8875870774061476,-1.0,3.7576776232860247
0.2466966953526221,0.46288796825196,0.3348493968702624,0.4243663376035174,0.3243206372488683,-1.0,2.4868967597876948
0.8454725553899878,0.9736985807469568,1.0,0.0416387089660781,0.0436338165189154,1.0,-3.03117887173022
1.0,-0.2408470378059684,-1.0,-0.8805734329823591,-0.4863856252833556,-1.0,4.6494973453742725
1.0,0.708955135106446,0.5128052598187405,1.0,-0.9673571734569426,-0.8570881891346693,8.688644462144417
-1.0,-0.70149597161216,-0.2038567008474257,-0.3664074831789945,0.0177244745009146,-0.903666412631938,2.904449090946402
1.0,0.5872648076426581,1.0,0.1444396218911992,1.0,1.0,-5.359577160823586
-1.0,-1.0,-0.5188929330239984,-0.1485930916340156,-0.7610167250892574,-1.0,1.3997912508226822
0.4141643024898482,0.6553186227529029,-1.0,-1.0,-1.0,1.0,13.7418667884703
-0.2647547977615909,1.0,-1.0,-1.0,-1.0,-1.0,-0.2340905143456259
-1.0,1.0,1.0,-1.0,1.0,0.6351445491314966,0.30441001536698586
0.6888324946175137,0.8319072577259505,0.0568320226523728,1.0,-0.8160132024037672,-1.0,8.210398281848843
-1.0,-1.0,-0.2938055179401473,-1.0,-0.8027917052603732,1.0,-1.0748187107186418
1.0,0.4521348266819041,0.913259814089482,0.7807351731861825,0.90283203501518,1.0,-4.929677751300277
-0.7829878493420976,-1.0,-1.0,-1.0,0.2829501776768774,0.0737375621331224,-6.7205812288942886
0.7714168188457542,1.0,0.3753132735986764,0.4201003120382545,1.0,0.4495501422336634,-1.7680778907608485
-0.5161183118359416,-0.8792002049744156,-0.5047057615701394,-0.6373856152457484,0.0158479247082969,1.0,0.6103011836665546
0.4128738176253885,1.0,-0.2891828442219255,1.0,0.6012036397621106,0.5607502653984544,0.7169345276491278
0.1787569334227774,1.0,-1.0,0.3516069366198902,-1.0,-0.5302928686580775,2.734545515743286
0.7176292586092563,-0.4361609958652155,1.0,-1.0,0.3267708102657953,1.0,-5.334178191914615
0.420067060647852,0.789167195728367,0.7793244365019825,1.0,-1.0,-0.0916534114353877,1.5742105093761842
0.493979452255243,1.0,0.787031114929633,-0.4284557824280772,1.0,-0.8004290718192619,-1.9315603604634157
-0.3798744122465336,-1.0,-1.0,-0.8193265111358643,-1.0,-1.0,3.965693007425675
-1.0,0.0115154268785897,0.3915595575378845,-1.0,-0.8193580224658745,-1.0,-0.38776429115347677
-1.0,-0.5366502364487544,-0.8206461138880754,-1.0,-0.479729192209898,-0.7667820387395148,0.8824325905802083
-0.9097069614291328,-0.2517492090801763,-1.0,-1.0,-0.3524733278457697,0.6339468351153481,-0.3403111811486187
-0.8836107030021989,-1.0,-0.4526056359756747,-1.0,-1.0,-0.2386905340159177,2.0589173144115143
0.4690026611816842,-0.1737156586575399,1.0,1.0,0.9438617564614724,0.0707783631794458,-3.5854959072311052
1.0,-0.2515951427263778,-0.4599755264652232,-1.0,1.0,-0.1998036620706462,-2.248851924784335
-0.6193079232305898,-0.1907065845288202,1.0,0.7461272347263281,-1.0,-0.9266163817551673,-1.0338965660744606
-0.2142200606009949,-0.1312288890480737,-1.0,-0.4515672990931993,0.5626622431128812,0.4075364592404402,0.7444296406926267
0.9000657253523467,0.1896794522750864,0.6105659597173179,0.3292695724155829,-1.0,-1.0,7.192630266289817
0.3630753445980335,1.0,1.0,0.8937996550332572,-1.0,-1.0,2.725262389867946
-0.8308554059373296,0.245540527112662,-1.0,-1.0,-1.0,-1.0,0.05820725835398999
0.554375479316098,1.0,0.5397600764486898,1.0,0.8357077062832328,-1.0,-1.0831886368704287
0.2514462325055697,0.9262042006003426,0.0132299102149537,1.0,1.0,1.0,2.904420154193838
0.8408247414604542,0.4531783383178689,1.0,0.7734047321273787,1.0,0.7236104787252224,-5.686901830352438
-1.0,-0.6446843494146863,-1.0,-1.0,0.0927572771255393,0.9879206481149958,1.2414050162290677
-1.0,-0.0461026196483729,-0.6000427542923823,-0.0807107473549189,-0.05466648416624,-0.5942004686847953,0.8917934303689372
0.3064783872494503,1.0,1.0,1.0,0.754062713916039,0.7952691575533839,-6.9720349092526
-0.324466876048705,-1.0,-0.1279603315256887,-0.1741204566690901,1.0,-1.0,4.192680985234155
-0.2718490635354813,-0.4057103151609813,-0.3962569055270359,-1.0,-1.0,-0.3655650797308558,2.0520245451522903
0.6019426686277736,1.0,0.3629283620731598,0.3076076041924049,-0.9189684752442882,-1.0,3.8570827848705966
-1.0,-1.0,-0.1523548809730766,-0.8770442776359051,1.0,-1.0,9.894547607565066
-1.0,-0.6467451249413467,-0.944158165020877,0.7211923180954336,1.0,-1.0,5.442444509020902
1.0,1.0,-0.7624592305356448,0.7492861180583077,1.0,1.0,2.4913599239176385
1.0,1.0,0.2536357771503841,0.824861955258684,1.0,1.0,-0.57448358616393
1.0,0.2745839450422154,0.0830042722730539,1.0,-1.0,1.0,7.19192408662909
-1.0,-0.4311900127515322,-1.0,-1.0,-1.0,0.9912809100869796,5.156565249120371
0.1547572643934744,-1.0,0.7023365404236064,0.9339763329910922,1.0,0.4562100651152476,0.4215278535187045
1.0,1.0,0.5320871956026128,-1.0,1.0,1.0,3.74886900911775
1.0,1.0,-0.7026882017384046,1.0,1.0,1.0,2.212106185558724
0.1767926468598286,-0.563823132762433,0.0313702463785312,1.0,-1.0,-0.6562529561807062,2.138558450687644
-1.0,0.708304815391056,1.0,0.1841698156774076,0.5832721696215675,1.0,-1.5306875649417364
1.0,0.699739815370809,1.0,1.0,1.0,0.3505790514097944,-7.71692636936865
1.0,1.0,0.1427574906706565,1.0,-1.0,1.0,8.0030152951309
-0.5216742465445823,-0.5632804313960778,-0.8524875368284348,-0.9486563954158048,0.4158610528806261,1.0,3.1053128815608657
-0.7583270566145373,-0.4970834518468698,1.0,0.1075119478997477,-1.0,0.8977297317115758,-5.60118091129969
0.5518858830599116,0.7051448711170099,1.0,1.0,1.0,-0.6703022385432995,-4.422177544923546
-0.2497947768315407,-0.3876029256993769,-1.0,-1.0,-1.0,1.0,9.176138484272638
-0.2005870420461051,-0.4617547924710863,-0.6826926669147777,-0.6664863499591662,-0.5058244069900524,-0.8460240363743847,1.738604944209292
1.0,0.3356484200584759,1.0,0.9095967395116722,-0.1509971671413068,-1.0,4.302034400496476
-1.0,-0.7382429660826799,-1.0,-1.0,-1.0,0.6606285878237774,-0.7378111522870664
-0.76496329009933,-0.1835171251524519,-1.0,-1.0,-1.0,0.0519824492285234,-1.789119066091979
1.0,-1.0,-0.299828573623381,0.170159054030188,-1.0,-0.2205757990755388,4.390794358236947
-1.0,-0.349445457623333,-1.0,-0.5481558477018427,-0.1694568626797212,-0.0049657753353351,-1.8506296858282858
1.0,1.0,0.5242696978710271,1.0,0.6293292407732201,0.4496205550793277,-3.457951044393183
1.0,-0.2127896103536435,0.690010120448004,-0.8245634875755188,-0.796853138171928,-0.3109738959722237,4.156207873991098
1.0,1.0,0.4004680207460971,1.0,1.0,0.5930502008728329,-3.83696001011812
1.0,-1.0,-0.6094978760773215,-1.0,-0.8700199364271404,-0.6857992140077336,8.67001930607781
-1.0,0.9530325279760994,-0.2182996800802146,-1.0,1.0,1.0,10.969025447128761
0.2378101024723511,1.0,1.0,-0.4622633077990263,-1.0,-1.0,-3.652237425811183
1.0,0.9195423862067752,1.0,1.0,1.0,0.1248172462748749,-8.257094760448764
-0.4425006489365639,-1.0,0.6123080571955566,-1.0,-0.334876143504301,-1.0,6.956081887682646
-0.9730861697201016,-1.0,-1.0,-1.0,1.0,1.0,-1.1284200036870042
-1.0,-0.2141356041228448,-1.0,-1.0,0.6452734762094481,0.379255370198392,-1.2213708718435523
-0.9497470172155456,-1.0,1.0,-0.3646025166893096,-0.3304053673178313,-1.0,7.201948636791404
0.4744227683153119,0.3597354017828928,0.2373243610513564,1.0,-1.0,-0.5596966440296467,3.0498272432621714
0.7553024074703658,-0.9633832309733033,1.0,0.4432700983801931,-1.0,-0.6026066856642367,8.859169844768926
-1.0,0.5460641367285228,-1.0,-1.0,-1.0,-0.1572947298748688,-1.688822713607479
-1.0,-1.0,0.8965823911140547,-0.007328248120517,1.0,1.0,-1.5686358612675702
-0.8039530496368865,-0.6995593852746942,-1.0,0.7446109158653564,-1.0,-0.2296564976410329,-5.30067882000486
1.0,0.2502047651551078,-1.0,0.4906157761004286,-1.0,-1.0,6.978806354784648
0.3456147030919605,1.0,0.5558664546931829,0.4888469446963461,-0.2436620354543626,-0.0990972201189324,-0.7806911288097605
1.0,1.0,1.0,0.0615657195660754,0.7904969433343132,0.9064579186310224,-5.857712664375974
1.0,0.5638183894494746,-1.0,0.592954358813629,0.8909609121583042,-0.0094999333832015,-4.338210806219727
1.0,-0.7935018533873714,1.0,0.145095695948622,-0.8129782233797564,1.0,4.821608888553196
-1.0,1.0,-0.8800993720880055,1.0,0.8610020656918769,-0.2847962660412397,1.473472300144179
-1.0,-1.0,0.8885327923099497,-0.0036669503502062,-0.8686028331354323,-0.7231850926956314,2.316779089165274
-0.4099141645323465,-1.0,-0.3591047367081978,-0.99770347779352,1.0,1.0,0.8862941797365192
1.0,0.7429851376333734,1.0,0.8276959245763509,-1.0,-1.0,7.847364305236685
1.0,0.8317527850106186,1.0,0.3179002250066551,1.0,1.0,-6.394176700324357
-0.809495836383811,0.5393540072091205,-0.5489350643855224,-0.3549010575530262,-1.0,-0.3181339845261428,-1.7777814155426404
-1.0,-1.0,-1.0,-0.2175975778005781,-0.8046100082256207,-1.0,1.4568860603695275
1.0,0.5927881248542435,0.8600175789388982,1.0,0.6446301408807515,1.0,-4.246468493951653
0.6641431208068858,1.0,1.0,0.6315340744989455,-1.0,-1.0,2.827080168377179
-0.2023070923275352,0.2101378241165012,-0.7144636810527478,-1.0,0.7841990083393313,0.237046203701243,1.1020439604885546
-1.0,-1.0,-0.2793469010957918,-0.3318998753610365,1.0,0.9162553767213476,2.921191750451259
1.0,0.691981555732164,1.0,1.0,1.0,0.1432185831456003,-7.232560564946134
1.0,0.8051098133891745,1.0,0.8623260594067281,1.0,1.0,-8.13506402393938
