x1,x2,x3,y
-0.30216845625212385,0.16329615673265607,-0.73415852027956,0.2864166750770376
-0.29896016705033035,1.0,-0.7063035747570061,6.355916093452379
0.07003023897654748,-0.03028586821751511,-0.9806974462909386,-3.3297944106393804
-1.0,0.4728206805683086,-0.2432320006176547,-1.8288051731427863
0.7690487813835207,1.0,-0.7571008692559524,15.617074044053904
0.3951636325936829,-0.1009336344093077,0.7162683054429215,0.9961470811005511
0.6176360859126533,-0.2778733664602129,-0.33838777075353677,1.3872833857346678
-0.8047733451199268,0.35805948192927306,1.0,4.210299868643103
-0.8720456365563898,-0.3469235254816221,-1.0,5.520486358329278
-1.0,-1.0,0.7301302954641273,16.23977650487037
-0.0057520986104764305,-0.21409040386416667,0.28774035229683137,1.10568457180775
-0.46557263801585025,0.14319358541192084,-0.4822484400511149,-0.20232275641440078
-0.27996209619909473,-1.0,0.015079210829478606,3.139094551269633
-1.0,-0.7900795791669717,-1.0,4.609940729590017
1.0,0.5792216247038151,-1.0,13.655043484098135
0.6716382223534845,-0.3153868035260101,0.020058820339277084,2.120049841364235
1.0,-1.0,-0.7720295254785097,-16.748237759886344
0.9204821815310187,0.04418672533113144,0.2010247477901066,3.224753980077913
-0.899415515668154,0.569210048512615,0.962125079298872,3.2912960846156496
-0.34467240821665124,0.7336723122890021,-0.32137266675097464,0.36260967428612734
-0.5362360004472715,0.25244306877585476,0.20938636279559408,-1.5199622666182144
0.8942330336592508,0.9828398262674978,0.6079631530088905,10.19013365871622
0.1731977441811916,-0.4389700743992364,0.5555672949953949,0.9059489124412081
0.4179381451787296,1.0,-0.08477701892036293,7.907251967763164
-1.0,0.8958138817648942,0.012883871418615245,3.2603597486697202
0.11738073810694827,-1.0,1.0,-7.84398351471638
0.5563782523949028,0.7917881576890977,-0.8015555404614465,2.945486355385767
0.3926846900531833,0.15946174543066793,0.9487492765355017,-0.18978568692415831
1.0,-0.29865188128298126,1.0,7.631817860750275
-0.3942187362634013,0.49053459857856896,0.031920697513827534,-1.1425917910915098
0.25116136461372873,1.0,-0.5018678568378299,10.420640137297505
1.0,-0.5257045668114473,-1.0,1.3524599844844156
-1.0,-0.26319055385105483,-0.228210394966869,-3.68068797487856
0.20548112124812978,-0.9964912497351128,-0.5092066554544676,-0.07253200261167025
1.0,-0.44215369361380663,1.0,5.441331140176974
0.9340826424887152,0.13239933647701285,0.30572904290388037,4.321197215638105
0.3834117810217572,-0.10289205018051284,1.0,-0.6807976455515456
-0.050833385359989824,-1.0,-1.0,-17.458136825762466
0.25669596585182064,-0.5933329833779977,-0.0331033102933993,1.444152850513793
0.6080394762708787,1.0,0.3875552814516865,7.62182374248287
0.6509925003331363,-0.9088115180987524,0.2733665756361925,-0.04673248962460342
0.5520298183848786,-1.0,-1.0,-22.869441339870246
-0.4957628305069248,0.42741243336043566,-0.7626823896754302,-0.5956818899066479
0.22173380364759243,0.3658564077904809,-0.07985271700929242,0.6656527848630646
-0.3384379515472158,1.0,1.0,15.649324444523561
-0.715113973954844,0.33366398419819654,-0.7576497480865709,-0.5850136489408657
-0.13635490471932243,-0.16129821012340595,1.0,0.06284362273230597
-1.0,-0.1951343430328336,0.09132397832190775,-3.6145337658020136
-0.13401596086198286,-0.7870148868460924,-0.14235878813605973,1.695151930229605
-0.056649972113461455,0.49037218018390916,-0.6449774784398032,-0.5967181834934121
-0.5461224519460215,-0.35978986340389985,0.5611300995702349,-0.1313382706363152
0.47885139749366745,0.07092502357181063,-1.0,-2.119452888409446
-1.0,-0.2139124628774911,-0.1253578872313399,-3.7853019154098826
0.7499693356166122,-0.29565807707641656,-0.7582899129227938,1.2958267130880432
0.5864905701439473,-0.053602099628023536,-0.2412905655556743,1.0858358140522852
-1.0,-0.622146484798122,-1.0,5.433468500029518
0.4055604724806594,0.0067095901891476295,0.29775503929692415,2.5202862552449448
-0.13445361823475666,-0.3663558833897562,1.0,-0.7467086645398142
1.0,-0.9367461272053654,-0.6760121530655812,-7.624178883433457
-0.6879059162709662,-0.08244518345919638,0.19498399956740609,-1.1979707322790927
-1.0,-0.8027066433009806,0.5643339879704832,6.589442111070363
1.0,-0.5101213941097589,0.011068033030786406,3.192161696895264
0.22254191073803842,-0.4620129262002901,-0.7640682105061483,-0.5057070275046452
1.0,1.0,0.5227165451457245,14.508628579324716
0.03312036224496384,0.22470499645693875,0.16486177056052354,-0.1706603942318024
-0.9875245467544254,-0.16585951067724558,1.0,4.203301857556141
1.0,0.7324493435418744,-1.0,16.445211911786988
0.358642221597985,0.9048889351217977,-1.0,1.4758786187167952
0.052736416402672015,-0.6927559485404762,-1.0,-7.8545601010331625
0.49004610548012995,-0.8575456547214622,0.7560587611009477,-1.1491784434857903
1.0,-0.35734742417011334,0.5950255134556675,5.4793674037965365
-1.0,0.6498473439516361,0.01937426864548586,-1.8524199187071824
0.37554864755339823,-0.32968405705063275,0.542317352644166,0.4466387768506296
-1.0,-0.6598694226114459,-0.049380911699768104,0.6005301056217234
0.9518917218163283,0.4804485919121675,-0.32481319388502383,4.08686572617006
-0.9397974430239417,-1.0,1.0,16.001513064902092
0.03935836543693738,-0.21753123383670525,-0.31242870222225205,1.1258948723145112
0.23748690260917993,0.1162698262410311,0.33524352424225157,-0.03599832579131668
-0.35232262329473407,0.6142340314995012,0.1352058024207461,-0.8012591420236438
0.3610826924258246,-0.9930185793563184,-0.1907422030668977,0.7002402337004374
-0.7733939102107277,-1.0,1.0,4.889603277607948
-0.5017033463639884,-0.7399926123642389,-0.05978994239692348,1.4728444745374802
1.0,0.5554205094031373,1.0,23.126809709332807
1.0,-0.15746499347686682,-0.581368311762837,6.117116472511573
1.0,-0.8961039029322122,-0.025941965285067203,-2.111587631499352
0.4614088939387251,0.18589631294424014,0.3489298382642787,1.340053052144364
-0.900111817795713,-0.5770517045879735,0.5989344253305962,2.0287584750632766
0.4276321882391041,-1.0,-0.4904135261942377,-2.318657105200788
0.450477709796425,0.4563193146987816,-0.7712059898081398,-0.06676338001690163
0.37901375021122563,-0.40844518165290533,-0.5914215118372668,1.2200267368354387
-0.24689588206612711,-1.0,0.5218332989472085,0.8808632039139118
-0.04118720966373979,0.20675511487902098,0.9668650964254333,1.6957963171127513
0.37818741833735037,-0.7561898118778647,0.9550390619160734,-3.308516346333897
-0.3930762357412365,0.34286683868544743,0.9435455943018793,1.1812727770780114
-0.3404842283688032,0.529750716245553,-0.04663498401522248,-0.9491047706805923
-1.0,-0.5271200108966378,-0.06966210211825974,-1.9018806650212219
0.4166544856019532,0.24606042332778189,-0.9525059331079362,-1.7105383154114917
-1.0,-0.6631243906367978,0.23070073206104103,1.3487898654076873
-1.0,0.8403905604998809,-1.0,21.070924703952144
-0.14673008061083492,0.32627345415155884,0.4479095434641327,0.0962139862791455
-1.0,0.40166567153147015,1.0,3.898008520930182
-1.0,0.2614123044690042,-1.0,14.064206683388054
1.0,1.0,0.0888300823596182,14.271835937572448
1.0,-1.0,0.1896231119722538,-7.496486624822916
1.0,-1.0,0.19072028138786168,-7.143094766770391
0.26218652304298584,0.35278988684622936,1.0,1.8404626467817065
0.30346987023148975,-0.5923056237542184,0.67859638335327,0.7737146533334236
-1.0,0.10678567914586767,1.0,3.3813127085911816
-0.041263892811348235,-1.0,-0.0860310489911964,2.1086536568639396
1.0,-0.43117754107381967,0.7206650399321615,6.62273232757634
-1.0,0.22642204614640282,-0.4171102606222523,-1.963673356131859
0.6573512335837854,-0.023287024001703127,-0.06801949304058463,1.7814591539186826
-1.0,0.6616918126388813,0.14307393061242735,-3.5315061305925255
1.0,0.7723131455626799,-0.8387973987088044,13.647708212890716
-0.43305948474470557,-0.5394736144709276,-0.3446083092704899,1.3671013372376304
-0.5205892088156165,-1.0,-0.12820852996844279,3.3318970578215468
-0.9497992836605509,-0.9346446302214024,-0.08788265074912549,6.311640046218144
-0.9277692431733477,0.5835597464803275,0.42933144795927647,-3.9815791210774645
0.43785665898557635,0.24586055178064758,-0.1029942329304423,1.2175099531581597
-0.12703803402550196,0.23967579755782276,0.020173493174263646,-0.16621928549358642
0.7939682643040613,-0.5272768548115538,-0.38814907779648333,1.5669303278752702
-0.30688189724368864,0.5259172539843653,0.3783274630320619,-0.8274440493012257
-0.6696233767076496,-0.7606507275357763,0.0089928118379059,1.638214080581927
0.2913372770863967,0.19616114189636646,-0.5005926974716515,1.2031172170469548
-0.6100696791414033,0.3250770741979403,-0.9690510562359533,0.08286145329860128
0.24511509788400487,-0.20939631941290293,0.47635990948547224,1.4584864831615785
0.19387784880798886,0.6609626292196755,-0.027360300977459673,1.3865959535320262
0.42521589127994,0.6083156535403507,1.0,4.307006229455017
-0.8397623433725776,0.5673151494080777,0.01582799362756737,-3.148854424865017
-0.382714920441694,-0.009808107755056694,-0.25432527858440657,0.29065007877274673
-0.05275711019955365,1.0,0.967852015336764,12.796451031330504
1.0,1.0,0.9587948312644445,23.2050628304421
-1.0,-0.015123166942485167,-0.48081990542304265,-2.5927216456056916
-0.7360257989040946,0.9349713970815821,-0.24157372501542174,2.032675674352561
0.7200143249919919,0.8736969246362056,0.6825825231530429,6.817150233637316
0.8028363247930126,0.15145870212952617,-1.0,0.0820392223500066
-0.061732737603999555,-1.0,0.85161663007036,-2.5550909808116486
-0.17582329125294538,-0.1670507448353109,1.0,-0.0205992491390055
-0.3277504174523731,1.0,0.36163082131782875,6.694064637960273
1.0,-1.0,-0.9755851046128743,-27.311616591254367
-0.16597147202299034,-0.02459041723063815,1.0,0.9559310899209503
0.796897205431313,-0.527656823980301,-0.1384487038090394,1.057142614171661
-0.15637080773309386,-1.0,-0.1299806663222931,2.8085848607977097
-0.17349012197907476,0.21720425819057154,0.3196154233486628,-0.2726083573350415
0.020742593906892814,-1.0,1.0,-6.853904120993253
0.747537046882794,1.0,0.3277209574615878,6.912511587557871
0.4114510780991505,-1.0,1.0,-7.5936694485561915
0.13110662821647345,-0.4718796101139613,-0.5020412119204383,0.7741309230680906
-0.19934597803206522,-1.0,0.4293330228280403,1.5933566734145608
-0.1762774840689998,-1.0,1.0,-6.880349212740809
-0.28005531926706206,-1.0,0.34470555288493276,2.275882884629979
1.0,0.7003334141866708,-0.21771392118855792,6.737672822394978
0.9340630925641267,0.7158693787853048,0.5739139130200646,8.78118737930281
-0.1229938299858937,0.04082968741429216,-1.0,-2.877596536549749
-0.03779313091652825,0.9148615539858374,-0.5906791914643932,4.348853975529915
-0.20639287444761223,0.11978278831781686,-0.1030035793933799,0.273774524199075
0.8149408815440817,-0.4728917625269433,-1.0,-5.096461630806607
0.23218281010727893,0.45981140876552873,0.799202248310046,0.948576453079143
-0.9977552502845768,-0.753074299400605,1.0,15.61029123392157
-0.1359549595098628,0.29488316963204575,-0.9068612396497118,-1.5254640079955255
-1.0,-0.9007405305957954,-0.10873618799920992,5.217898896127036
0.8012839038983863,0.09691958705540116,-0.1714857476271896,2.5317641365856236
-1.0,0.9928158188643514,1.0,16.32329607755441
-0.8224363686510436,-0.9929579695812363,-1.0,-2.9880451514959816
0.3228947644726423,-0.2987085124258142,-0.8862952326792259,-0.41523369858244685
-0.02394336485571058,0.10913002376570846,-0.6638367259089524,0.7609038630207998
-1.0,-0.3677394390362243,-0.8784794513876377,3.556994858041143
0.0030488125072911654,-0.7242246733131827,-0.739181703343438,-1.3827311474991686
-0.8622237629771086,-0.7394698960639159,0.7150026155382341,5.153994424321064
0.8343434003262449,0.4419147576162543,0.2528787495079623,3.8326967363984976
1.0,0.8178643349151289,-0.6059323325528208,10.318261080091595
1.0,-0.9562158272067107,0.10182665368264954,-4.8416986377778315
0.5477630579850596,0.7631908204780717,0.30540001037161746,2.580415843424544
0.7915880760073741,0.1933801637154018,0.8447964006251094,3.553560942257101
-0.5912658149008831,0.4960474158703563,0.3224202587600742,-1.7585088969378286
-1.0,-0.32213655522303153,0.03545355866709232,-3.3065248880346476
-0.02528563494117675,1.0,1.0,13.492742663683025
-0.20581290101057004,0.05976400841487339,1.0,1.1621210597838207
0.5030659313416481,0.582992562703081,0.8856003601089049,3.0030215281381096
1.0,1.0,-0.7415845979341738,27.329743411840486
1.0,-0.90633568986874,-0.2816016624369646,-1.8947573410839178
0.3473091992821318,0.6721782352438528,-0.361980389101044,1.9347397898442373
0.3599384254511526,-0.39856710216221236,0.10844796916084554,0.44689430431651933
0.09748086241546772,0.28271686368369675,-0.4113447687667695,0.04995975387831664
0.5580959261902831,1.0,-0.2560679353622801,9.674111894908092
-1.0,-0.9175981994830291,-0.1884558064512174,5.929119145684079
0.7255777417271136,-0.24191340439565812,0.51724750062127,2.0942409548206804
-0.21559025226132622,-1.0,-0.2788034152018597,1.8884829599690758
-0.8376729605059237,-0.555814628049917,-1.0,3.663879895107552
0.019031313277434014,0.26277181683353046,0.247483441936871,0.6510165174325029
1.0,-0.28685893420278963,-0.9820949409657493,5.470774884196646
-1.0,-0.5655989886993893,0.1472535974376652,-0.336547981421077
1.0,-1.0,1.0,-9.269453291457902
-0.36600871384450095,-0.9635733974810174,-0.45055396367753797,0.7855404873126528
-1.0,0.6719735403516993,1.0,8.317443664843003
0.4521808032307999,0.4817765527400282,-0.5219376958750703,1.1568750629563072
1.0,-0.4198353992988362,-0.08919581221192607,3.54724391018868
0.5926724392415605,1.0,-0.4255353067145069,10.440552207159426
0.14812721430282005,0.8923705256132075,-0.39031770142845934,4.574075900961924
-0.22581841162876382,0.3666020000527388,-1.0,-2.5516505380266903
-0.3006386389461728,0.2770367372116207,1.0,2.28786988387115
1.0,-0.30114613666824464,1.0,7.530085724140803
-0.6434441428109494,0.07900134746641307,0.6607714058042711,-0.6107012249798229
-0.6008876639271177,-0.8635583165159928,1.0,0.9963912679306439
-0.3325572109302497,0.9308242390754073,-0.015532271591767621,3.779502951660026
-0.06347887501492844,-0.9869929072021424,0.6076908112805062,0.074050039397422
-0.40401370210142007,0.28207257321068613,-1.0,-1.608519447690834
-0.4672815318093453,-1.0,-0.9173667910123906,-9.04386417251304
0.5943910685791185,-0.6676248753492786,-1.0,-9.922275683213556
0.9842667369104983,0.9411077366255731,-0.9915614730094542,27.542721139951496
1.0,0.2285406360643698,-1.0,10.512088733495355
-1.0,0.1072962106025428,0.08022120742094119,-5.656297290106236
1.0,0.5480612226763062,0.6037938868995416,10.208799190728302
-0.6146992104887785,-1.0,0.059283681217915385,4.380367074352592
1.0,0.1662015792830145,0.8520646497650433,12.131991543354998
-0.7711513136554291,0.35852956967134597,-0.15403898112109604,-2.46924314723128
1.0,-1.0,0.06926058345885755,-7.801390007025712
0.11854440767671437,-0.5981296036908241,1.0,-2.6149489109004516
-0.8784676251029937,-0.4815745661928421,-1.0,4.464411880210878
0.15148974815053684,0.5542626042020977,-0.8740771994687475,-0.6093343104481548
1.0,-0.9153824771156467,0.21817968564093215,-3.086899569873077
0.6506097161248281,0.34816192756971853,0.38466516879301027,2.26468333352898
-1.0,-0.05618267283346423,-1.0,10.321707866204372
-0.03848243057473133,-0.8417332724530142,0.8865694985694428,-2.1707061277588586
-0.12053107977412636,0.870552234569411,-0.2666294159973237,3.92194329483109
0.5160215623624969,-0.01436361475927761,-0.15870423102609887,0.6985768308964928
-0.970113662016912,0.5769316620425715,-1.0,15.219391634561983
-0.006508078246761695,0.2300578042175827,0.6046414350197851,0.8004139862869437
0.16137481395284548,-0.6711133144531964,-0.6403389003252891,0.12848145612549472
0.10145110508773203,-0.05578165787820799,-0.37239391409783895,2.021431118182024
-0.15968814541894405,-0.445831145936191,-0.12333343685451337,0.8028704409607278
0.7757322823254713,-0.7784930611971848,-1.0,-11.470630250086634
-0.055154208353100476,0.2744550367845846,0.7570189553415805,-0.5374973794985988
-1.0,-0.10742668411909118,-0.22407734072340268,-4.183433573793588
-0.5609456671116961,-0.5948837538072105,-0.3283013782107531,1.9060112147770742
-0.5725611532148815,0.3245661839755698,1.0,2.7158718686325782
-0.04819344971407902,-1.0,-0.5165503153684601,0.30178539806446214
0.2807654251157212,-1.0,-1.0,-20.168053811553882
1.0,-0.0356551387824513,-0.7545504134216094,7.902934117291359
-1.0,0.004531137987617173,0.7068764196925847,-2.550736887657843
0.18592254429920851,-0.8378087230524158,-0.447202992291756,1.274742063552035
-1.0,-0.7431694616842528,-0.29918055336788263,2.0405208479842876
-0.20373421271733716,-1.0,0.4763122303516314,1.068806568040017
1.0,0.4682935462347797,0.8915846166100989,16.566942119537025
-0.7451214373610184,0.6703632135102571,1.0,6.642225100233686
-0.2560264463477624,-0.43948953362352516,-0.5388817053996007,-0.001536036903801663
0.31373924083364746,-1.0,-0.3964785176270802,0.33544342570397023
-0.8632479438592717,-0.5318793034427538,0.04926037437995423,-0.22323963125852164
-0.7615526359582145,0.11333553765334159,-0.339343014809826,-1.0808634352219189
0.09294069741063482,1.0,-0.9337444769358674,6.46798137838565
0.9051075898959535,-1.0,-1.0,-28.795327916964393
0.2141073270123579,-1.0,-0.1294286998701255,1.3367955235019764
0.4867577765748481,-1.0,1.0,-7.087517477348931
1.0,-0.1213952420192832,0.189843055580194,4.921550676235794
0.7147127397699906,-0.43139544107786776,0.30941419018896044,1.6651882377888834
-0.8629065966024989,1.0,-1.0,7.615305407341322
0.5522353750151827,-1.0,0.8156031544476117,-2.2026039507027395
-0.8139121875405964,-0.032282164440591066,-0.673267665167296,0.32750252800625085
0.6661903149897241,1.0,1.0,11.534972641157424
-0.040239427773616,0.5231098318278309,1.0,3.4862535496261815
0.22190541869109337,-0.14083165715130863,1.0,-0.20281695686018208
-0.7578818721067393,-0.21381762391789771,-0.28389806692911357,-0.430867369291929
0.5439970253114594,-1.0,0.8546231467653662,-3.685178665483135
0.07107427757687379,1.0,-0.7531774523916015,9.795376273075671
0.9665665742766845,1.0,-0.2506067044760618,15.023209596694144
-0.2922100895668258,-0.9212618077645272,-0.22760989940170417,2.86281496017217
-1.0,0.7402946201171641,1.0,9.399724217615773
1.0,-0.6678251158805579,-0.10515430995303254,2.7055117518794116
-0.38154983699684686,-0.37725407746220685,-0.585633323417968,0.46554729473509415
0.5625261703354345,1.0,-0.5787491483200009,12.177278660295265
0.4988872894927896,1.0,1.0,10.350501526750927
0.10733134383981602,1.0,0.25835811021204824,7.741527595984143
-1.0,1.0,0.1844585500449356,5.427455920518146
0.8351921613958673,-0.3085414675275593,-0.7183020515603209,2.349766330792573
0.8323290766238753,-0.24284984179207014,0.5892826977307408,3.3501609940170267
-0.3875801957924576,-0.4396730037136878,1.0,-0.18866195338935776
-0.9273803430015835,0.9525650072424308,1.0,15.028671302703634
0.028737219609674014,1.0,-0.15299718582584299,8.839288913011874
-0.14525049544823676,1.0,-0.8161143825415293,7.0428356063093345
-0.22869101161613203,0.4088993324603407,0.4134044014536298,0.32122138881423723
0.6999109309605174,0.2468274525163734,0.8936938562729135,3.4136591099195965
-0.24102359342398572,-0.05446738001938867,-0.4337345378133741,0.03147642245753551
-0.40112885378699037,0.10236976593527025,-1.0,-1.0691631573380618
1.0,0.4145541217184239,0.33130485655431063,7.937623822870243
-0.707331642670082,0.4906401766285291,0.13282302414248925,-2.982890035819386
-0.09051651488084222,0.14436757975128356,1.0,0.17605019057351134
1.0,0.4910330358438457,1.0,21.219111043749557
-0.9138746698625642,0.8196748880197904,0.340967902734997,-1.3895762653888182
0.10526779847316159,-1.0,1.0,-6.982296888736836
-1.0,-0.6059706527392184,0.3594120930013709,1.20671618963858
0.12855610432133213,0.5257602572054938,-0.34212167988738407,1.0639994125004841
-0.5180648111754802,0.194381393761196,0.9331579458120249,1.504369502561312
0.35633762372982236,-1.0,-1.0,-19.829463173229605
0.9217972598825352,-0.7694164786005706,-1.0,-9.010320549999989
-0.9301974436006193,-0.0366762306331454,0.8144387727017515,-0.9188236629656824
-0.20565587291377296,-0.0012407059775576545,-1.0,-2.7791901127197662
0.20097045195429786,-1.0,-0.42689823239728253,-0.823512721314696
1.0,-1.0,0.28653722133419657,-7.262813817938616
-0.2846282376037683,0.7663559408066831,0.7016143327344795,2.462983340232324
1.0,1.0,-0.7006420855860775,24.8691184098868
1.0,-0.7602557431094905,-1.0,-4.872460735441222
1.0,-0.36034619012317926,-1.0,4.576779976672327
-1.0,-0.4322059574598265,-0.01605616012448019,-2.453424657737937
0.15694392069305785,-0.5402887972599795,0.7752290754523083,-0.1846055758033174
0.27969229863632994,-1.0,1.0,-6.808181066477788
-1.0,0.014801202267616276,0.05228974788999374,-3.8022820857368487
-0.1286209086807677,-0.8521823504654489,-0.3616428013742743,2.3837398138886803
-1.0,1.0,-0.9109857070292378,17.581680060041872
-0.14247044109776463,0.46426806213547844,-0.6100293600569766,0.37290679541790805
-0.12376407779342369,-0.20423613366895021,-0.10322872457818821,0.4291377657435826
-0.6242792439105416,-0.4582296164524,-0.3738461519229299,1.1656973520130314
0.3899928947666573,0.48389476561670297,-0.711376876803594,0.5308026004815993
-1.0,0.13346256912898857,-0.9365998843380066,9.866866634543687
-0.6394234497686593,0.6006788488399042,-0.49294490190486995,-1.8089170664090495
0.5885548852192846,0.31256577203158953,0.4324440498617006,1.538844205732961
1.0,-0.37438211039340263,1.0,6.336043317121657
-1.0,0.16010775580667969,0.21725291385497747,-4.878750557901883
0.8568996924626833,1.0,-0.6216125290161687,16.36250358556405
0.38115152424892185,-0.0798593607856719,-0.266536698744291,1.4180627172581615
-1.0,-0.8133056504429175,0.14792487257357023,4.1056117802858285
-1.0,0.16843830462167575,0.38376322307061805,-4.08459522284527
0.8226595295615009,-1.0,0.24862938681783353,-3.6953775130949906
-1.0,1.0,-0.4368457605547986,12.856605471403372
0.08319936193058952,-0.042074518772462266,1.0,-0.3534525573667535
-0.9375569209360519,0.5499464612774643,-0.14933662536884795,-2.2514003406870664
-0.017075281421034205,-0.3749944566647494,1.0,-0.9981821299347361
-1.0,-0.013406860434276524,-1.0,10.341088007919845
0.6408845816510595,0.04172798119980259,-1.0,-2.3256867151264626
1.0,0.7052390991327626,1.0,25.517150512589033
-0.10224192483829331,-0.6755001825388172,0.4159324061744638,0.5412736136636913
1.0,-0.21654310147203115,0.14963424615408005,4.84946073755428
-0.3655976300686803,-0.48150057720913275,0.7475360573498417,0.7860637071507128
0.6498570964804911,-0.2249032481125144,0.28695798628755576,1.3533835855000875
1.0,0.4644817058737727,0.32704309293418543,7.5424806768708885
1.0,-1.0,-0.13333295106822152,-8.84911305398949
-0.8268655851000557,1.0,-0.42400319621766003,6.399277368135303
0.6316020823945103,-0.06509864581518143,0.3315447750332381,1.0624255992205347
-0.14078526509336542,0.7631102398415497,0.054967686765523105,1.1538348539067667
-1.0,-0.022564877713171283,1.0,3.968146132428163
1.0,1.0,-0.04996740737305494,14.9929700252237
0.16379238554974695,0.5152286268127648,-0.5412467478345915,0.36319884224354326
-0.10706783856181978,0.931701695509384,-1.0,0.05157129393704296
1.0,1.0,0.08858401315171416,14.22673435815334
-0.4716312873732895,-0.06278560733231986,-0.8605066493796079,0.9140628190626543
-0.5947635727305882,0.4568646283281599,-0.10833475172788187,-1.2579579211594702
1.0,0.07314447956121706,1.0,12.911740280131944
0.6759425319935797,-1.0,0.3196967312032928,-1.8639492279158334
0.3924049141626569,-0.3690191356507466,1.0,-2.3828172399339103
0.036259520670315126,-0.6938359134696315,-0.20339993230001485,1.1786119016179035
-0.5190300951537106,-1.0,-0.7558423208636114,-3.9373511983798584
0.7284531761593909,-0.8005708182921576,-0.4357703918695226,0.07602980934961012
0.03919987927160262,-1.0,0.21335879365709998,2.0212872615940363
0.7975293778848114,-0.7437430436409922,0.2813445976548574,0.3240259360951525
0.8399662482738086,-1.0,0.5365394412307449,-3.848112413872676
-1.0,-0.20300613238535958,0.7272127219737259,-1.067032375491965
-0.2565815289373081,-0.7610572445080759,0.0017652743284843897,2.316703799010113
1.0,0.2693362013254328,-0.107831515514478,5.32879920581814
-0.8876558349163086,-0.3883214638860253,-0.4808089312201078,-0.3538281182541783
0.6639147947414297,-0.16912771198637055,0.4603390650244914,2.1140194433738264
0.08146138153316707,1.0,-0.797128290404945,10.478388071008881
0.19373353753674594,1.0,-1.0,5.559715968534585
0.10719644969653097,-0.34690083891375156,-0.3858816721113365,1.118762622312367
-0.11631142470425804,-0.3214427903488277,-1.0,-3.74188808182049
0.0004929677019087642,-0.13985930993018014,0.03959282418393739,0.5898467341854723
-1.0,-1.0,-0.24645795679593951,6.580721196761798
0.7600493321316673,1.0,-0.6270260358939381,14.247507168454588
-0.37723764645830604,-0.43068024445471376,0.7431273020061742,-0.07805467356585188
1.0,1.0,0.8244531513607194,19.80948711219397
0.17542855276137304,-0.8140033852048467,-0.9515590995615617,-7.79952789376123
0.9928246045850091,1.0,-0.6299796050340654,23.197259374600833
1.0,-0.7345404800524145,0.2439010065357059,1.3651987921286919
-1.0,-0.5003585649259652,0.348273991912053,0.17006157731355798
-0.8308212254384462,-0.8001006059672531,-1.0,0.9978886402763847
-0.13646537806978554,-0.10944886783269836,-0.33523442288593497,1.2971785819977937
0.09657255722892888,0.9502679476205693,0.43373452623691366,4.187634224849225
0.1501159026918517,-0.5763151297175189,-0.630610823094325,0.17582302631925778
0.3917883069419288,-0.47146040622592134,0.3091896687070803,1.1410848567886687
0.9937211229937886,0.21609915462224571,-0.07518783711198362,5.113097896563944
1.0,-0.7568929192358631,-0.6298759970269872,2.2528341742779867
0.5425503275160799,0.17181645820939173,0.3597056232284541,1.929073147206606
-1.0,0.484775377241472,-0.6216082734588066,1.8323636349984067
-0.6012043227096961,0.4952289019086147,-0.48279948659105165,-1.7315866925544925
-0.788320660962869,1.0,-0.4581518345549245,4.927344357292894
1.0,-1.0,0.45749847747528305,-6.757238978016084
1.0,0.22728281591495914,-0.8881170829101723,8.702651920897182
-1.0,-0.02890448478813812,-1.0,10.61897461627866
-0.03249854322190604,-0.3896019529613697,0.5513120961688684,0.3460821306617829
-1.0,-0.24762649843932727,0.06474783977803278,-3.311788108357032
0.015332404212103024,1.0,-0.8359341447186541,8.548509992522455
0.49252380498702064,1.0,1.0,9.045052262590083
0.7423854363420919,0.9761159710598464,-0.9825935848967822,11.429836134104313
-0.5744874166414533,-0.16114346553973857,0.7726942043603333,0.27305119686408985
-0.0033545622412027853,-0.7558113084587705,-0.15557110170682154,2.070822828946352
1.0,-0.704061557864031,-0.7402868951413877,4.075519532935588
-1.0,-0.28192541026996265,0.9184360330022061,3.7676635442239648
-0.08065679097389822,0.1673420165157471,1.0,1.7066833888022797
-1.0,0.16098340451177684,0.0953157343514206,-4.326527059553568
0.2646543965660142,-1.0,1.0,-6.536485737337217
-1.0,0.01714806660974566,0.13615795123643126,-4.022282236364069
-0.06959479569578231,-0.9902258052042123,-0.10293669531364946,2.59150683254335
1.0,-1.0,0.65194900342182,-5.644033885715824
-0.9382672654968709,-1.0,0.6551795951265025,12.404439934718868
0.08678472458256037,0.40965381441591897,-1.0,-3.306147613546631
-0.29694686193282793,-1.0,-0.16249904010160954,3.0174895654721796
-1.0,-1.0,-0.26298386613079394,6.021143635437664
-0.9408327943134827,-0.20945962631635884,0.019871322122529733,-1.9686865994192406
1.0,-0.27779211866662856,0.6281862745621993,6.608325639373657
0.5509900634333154,-0.7025965513909167,0.6586379785101864,0.030101526735192202
-0.2385518876619417,-0.527347880620624,-0.017570308958321235,0.7863500534610379
-0.6558769936437647,0.5963058139206627,0.3207292084446449,-2.085374829503001
0.055070527758122045,0.75447057389269,-0.37056264717925336,1.6783418686483138
-1.0,-0.1244060037771475,0.9562494242058113,3.499675134755406
0.07408367210273892,-0.39528631686160987,1.0,-0.7087524541272495
0.6589045837172036,-0.7057243943095814,0.33626500636696455,0.7439340370934029
-0.13812726823264843,1.0,-1.0,3.1335206459126312
0.13453599903714442,-0.7203623022716139,0.6617070740490183,-0.5482774188824205
0.10006614471941977,0.4591011455231353,-0.8377325623766596,-0.22700209745596722
1.0,0.12444510142241505,-0.2125601037131759,4.317922058925545
0.7147412587068143,1.0,-0.5813377221720504,12.841088145229575
0.12881966670798506,-0.12150592472076682,-0.10809316076413955,1.52951671501469
0.9169862953420966,0.2671860499753571,0.7472903650225724,7.981847953633738
-0.004880953718945591,-0.14138599849978717,0.9490465887594282,-0.10051124983033144
0.6388129868201502,-0.49686224920836186,-0.09714350980115194,1.1365440316543962
0.9610183895648376,-1.0,0.14797897275100014,-6.485756497905841
-0.089358813075338,0.20946908493343797,0.49554922943401225,0.47336811931225303
1.0,-0.4285199512362565,-0.20758738498751383,3.6822417832319188
1.0,1.0,0.10138994576385318,13.287512479917815
0.06754366552131774,0.8322863510133165,-0.09920196703368211,2.751215798737298
1.0,-0.3800541795131842,-1.0,4.383729957452781
1.0,1.0,-0.6440194117923268,23.83206897776543
-0.308404729817346,0.801624381811241,0.18219111416077416,1.5459414556319817
-0.26635985095353476,-0.3742739359567151,0.10661861910309645,0.4555721456991463
0.24472246480062965,1.0,-0.6256039254080161,11.74636592773525
-1.0,1.0,-0.6660014841994983,13.45586653554166
-0.12505959910425868,-0.07907795766387138,-0.003272011928747709,0.6112132671810079
-1.0,-1.0,0.957089908470641,20.69687909983596
-0.9649121718681939,-1.0,-0.8765155328123386,2.3203249152638548
-0.22459950034480003,-0.4548311847576352,-0.6641866929058664,-0.27081070122314055
1.0,1.0,0.015502141667603997,13.925167004914346
0.9388531871881542,0.2798867439701056,1.0,13.857735763019756
0.23564530372187753,0.3127937348737553,-0.16636479470447152,1.8870972552284062
-0.04985556903796429,0.7731001807563909,-0.9792706632987094,-3.182080880297361
0.2579411752666898,0.5549690824888232,-0.16916102376591002,1.4205714567044097
0.4795802183430342,-0.4841794270024802,-0.07652621904250889,1.0089701631495103
-1.0,0.5392192337075585,0.7562433781244544,-3.9202694709164616
-0.5919760339953342,-0.6646734959633473,0.28589012241004164,1.245986522330901
0.38123839033348994,-0.5574179425000279,-0.9110930025260175,-3.1616395999641767
-0.045849307229909986,-0.7303086360007265,-1.0,-7.974852538706698
1.0,-1.0,0.0637153309995353,-8.92205081561457
-0.717136301045245,-0.6152365708658671,-0.21881900307857727,1.7049175359696638
0.6228774754148023,-0.4849674154755068,0.2229598601073679,0.9008468106404199
0.05845139746574457,-0.6240040278222503,0.6846443972228367,0.006157615226217619
0.24496538813577717,-0.16265768866188512,-0.4168078265363997,2.068759390106066
-0.43329650806327114,-0.2994744441009318,-1.0,-1.810346668102924
1.0,0.871223693278832,0.5634192327976679,13.116361608837265
-0.01421938968469183,0.5688201930149634,0.9712332127159911,3.125068873058778
-0.13775703836692332,-1.0,0.9396410737618088,-4.061740900894946
1.0,0.8404791283678119,0.24375399148884513,10.165030044895538
0.45889812879727043,0.09217582744232966,-0.39898939322327953,1.3292975081830511
0.9983231838993318,0.8265946573994143,-0.255729595102258,8.777598639849465
-1.0,0.17921824986077572,1.0,3.101287827934832
-0.07840090704786085,-0.052223848037745935,-0.904221281502644,-1.100160992193554
0.17235310607049925,-0.7224936633810444,-0.40031113805510454,0.9943698450237768
1.0,0.44706432614206637,0.5468189764254587,9.634990471632834
0.4704492155710631,-0.27671676442368254,-0.16170121680395666,0.6368177693714356
-0.5650697436926935,0.5222258359494159,1.0,4.382337912702858
-0.26615294505948084,0.048347495458817225,-0.34763283344682394,-0.6537718472256699
-0.3765963964238568,0.01362180384088707,1.0,1.5832294986757243
-0.20498439905366905,0.025517202843304165,-0.0828142736538029,-0.08128812451054973
-0.15274858910029576,-0.6878969836111384,0.16270593685457424,0.9415698489522405
0.030688283040634312,-0.7417212187677509,0.32475856783897816,1.233916317336362
0.7857796650677216,0.21103479555711746,-0.3399787959067775,2.3342355773639785
-0.17892343359683638,-1.0,-0.957593289762978,-13.516406944302323
-0.8386114618755613,1.0,1.0,16.517876465050566
0.23221311093719854,-0.7282876087541783,0.11017449873986718,2.216464160287208
-0.5053897859558769,0.9483354033206981,0.7068621226878431,5.122281695204749
-0.9217611448545608,0.2643643809617595,0.3194359236084219,-3.887457135548077
0.09376834874323103,0.7561966637516429,0.5180577806946804,2.2991832635190845
0.870838835106323,-0.3145435091273241,0.2071240484968555,2.7432677887744576
-1.0,0.5080718428338951,0.04502950262949379,-3.755083446261029
0.18488832684300682,0.47099056501738734,1.0,2.312112512995015
-0.29361063775619733,-1.0,1.0,-4.836763773471516
0.640707921739726,0.94326422297934,0.8575479729205597,7.59130933681616
-1.0,-0.9984751014266318,-0.7211410100276467,3.605154413466331
-0.7650542223799555,0.41578383945161757,0.9990838699047715,4.706759715461077
0.04931497808159846,1.0,0.28362661487888885,7.346848525320951
-0.38148920038394785,0.36830558950423464,0.07089778378156453,-1.0337628792769884
0.6238394900285875,-0.5677291041816892,-0.47451262713030573,0.7779633655357898
-1.0,0.4313410664447188,-1.0,16.85528864532752
-0.42309247580158127,0.17887993497487176,1.0,2.171138991716017
-0.8002071607080716,0.3025536077425066,-0.2462217435802443,-1.497088113980725
-0.282572033454658,1.0,-0.5032253115023153,7.278695423077283
0.6444748932009903,-0.024388763775389233,0.8409693108125869,1.4666990589577282
1.0,0.3256387578929638,0.9673765969655603,17.419402498800256
-1.0,0.18902888189695477,-0.4056378399673206,-2.8567329634833754
-0.12038701243035477,0.06731143288183028,-0.1223862307162249,1.0319666652937687
-0.2115140900704271,-1.0,1.0,-5.659663812505241
-0.4478587603422062,-0.35667638682193603,1.0,1.0064741650303093
-0.4741798942808908,1.0,0.42238534473827194,6.346342845906806
1.0,0.21456784885928104,0.33139544876831284,6.697218506860043
-1.0,0.7101115179147512,-1.0,20.041170842313946
0.945769258635861,0.6032981914891868,-0.03993250390887715,4.9061697747518656
0.24896730431669534,1.0,1.0,10.123566859409202
-0.6528893776752818,-0.7815959820591702,0.3733680596217597,3.2199423099828115
-0.052721854471186935,0.8827712301856221,-1.0,-2.270709983154334
-0.7730019608661174,-1.0,-1.0,-5.196468178553071
-0.27403956281895936,-0.47964132837190765,1.0,-0.007733779350223208
0.8819273422758922,-1.0,-0.018577149045332142,-5.434006681252621
-0.11688297378760515,0.5332435114785741,1.0,3.8909194568856047
-0.7253112997259226,-1.0,0.8705440940360403,4.812359065899407
0.5451200217210641,1.0,-0.5527940709678965,10.986376761546413
0.6419054352983256,0.2201971255888422,0.9509691712100585,2.7508028804321305
-0.8589499663423106,0.5979629497804768,-0.04905960192300385,-3.4243440650188295
0.3012530771967443,0.8110207547546857,-1.0,-2.1507498284249387
0.3905948631444285,-1.0,0.8564248156594676,-3.013007079784162
0.25674601271784203,-0.5389964991307448,-1.0,-6.370154118043763
-0.14883127168720578,0.5318948442627018,-0.8939099795967678,-2.337078429333025
-0.524163060474701,-0.7858314340812114,-0.1501377570083431,2.2736230924478367
-1.0,0.7983288128832788,-0.2909318557628586,4.512091332787602
-0.5107778591010816,-0.4558985993042026,0.8949129113153067,0.8160516063320932
0.28961250719827136,-0.6778781773417313,-0.3495812004857508,1.7807000855118327
-0.17397040514265272,0.1378117793432978,-1.0,-3.386229414428266
-0.8010368301680244,0.9914183257870393,0.991749787748319,14.95119524630454
0.08226743257257652,0.24636292223188505,-0.24326407539591455,1.0068363906954105
0.13242900747668962,-0.5642275329511217,1.0,-2.3747220725930576
-0.20617432565432003,0.42986406937781907,-0.1914185585632424,-0.5440778334041283
0.12399469942126418,-0.2639042008769561,-0.11958364310795089,1.1527465623412456
-0.4965942908394847,0.21862610484778888,-0.34340929811459575,-0.5077801438399139
0.7655748287915791,-0.94028499927769,-0.31662488174015313,-1.2521714372126893
-0.08266041570466798,-1.0,-0.6775092515510643,-3.0256198656491278
0.870383532610699,0.20801084273615866,1.0,9.06386262162993
-0.04581889354608859,0.5780013636379844,1.0,4.051491902240585
-0.7460113593350008,-0.5951203664869671,-1.0,0.8928444365487074
0.15086867336633558,1.0,-0.5441735458199419,10.531308576472272
-0.4834078723962216,-0.2490041321771468,0.10391326232974585,0.5304379290766632
-0.916597821137694,-0.9985698144293795,0.27473966607192213,8.664504376550996
-0.4802191003395877,0.9767540150642051,1.0,14.517959056169431
-0.0587293023078288,0.3221573875143622,-1.0,-3.248131629632192
-0.1480717047860165,-0.7750377578024559,-1.0,-8.174976363061857
-0.4214908419464214,-0.5911098927063281,0.8482477599730529,1.4623098044873484
0.23120395126734805,0.3820654596100712,-1.0,-3.306668421775902
1.0,0.44938391269995304,0.231397578648729,7.314998064256506
-0.07683735000464575,0.6062685864444333,0.35540240031356385,-0.12499760632496515
-0.0710219383530275,-0.6012012424588189,-0.2749692436475517,0.5286370158013612
-0.5170024188130893,1.0,-0.4157641541547812,5.480854357720441
1.0,0.41868770647346865,0.13361822908925203,7.005788806045126
1.0,0.0184266427267048,0.6291506449665618,7.669827580155423
0.8929550638146444,-1.0,0.31196324315856727,-5.106442017703851
-0.3493743403494223,-0.3193942777775458,0.3733920031139579,-0.38252659639993436
0.6938796250014803,1.0,0.5540812544998,8.203867573979249
1.0,-0.2210104740062211,-0.35825045412563017,5.3118795490952095
0.14848213186779846,-0.09811871466330424,0.01718320225945935,1.053335175914837
0.29127545397245513,0.009947345505130212,1.0,-0.4916064438400116
0.17169088545454425,-1.0,-0.03179968917825571,2.1495854174269033
0.11327123769261616,-0.35202598460102696,-0.46844845753404996,0.14813019791189563
0.6620810118353662,1.0,-0.48007700062880154,11.632893581074637
0.5676051230539774,-0.898834934987945,0.9653450116312015,-3.3128838218324836
0.0828675708654063,0.9379883050593241,0.6762750881651536,7.365428519859391
0.25790719217988944,0.1048044876203944,-1.0,-3.1018126697000477
1.0,0.12911985587968355,1.0,14.83083953115889
-0.7129487813328983,-0.19713269355194307,-0.4913452851398332,-0.4089852460912472
1.0,-1.0,-1.0,-29.359551011909517
-0.745892053807323,0.28559804513130027,-0.5564098404333324,-1.0085547576814915
0.5060337136798598,0.6388278863394723,0.1608214394416747,1.1555719164350033
1.0,-0.37977650739897784,0.6705856583444427,5.710821763163457
1.0,-0.6143849867628954,0.6341120517520173,4.5028958230041685
-0.3466940967844585,0.21526322635844974,-0.22860922114847093,0.11547389155449961
0.8150811998565068,0.5378179910786118,0.8469363680993782,6.983284153108267
1.0,-1.0,0.7704150884489944,-5.796447128406183
-0.6541961284931326,0.17043232742916725,-0.736012365544684,-0.641237784090572
-0.5626467635871168,1.0,-0.48952073164849574,5.89855240325234
0.6053204466082529,-0.8987059806755597,-0.8962478429323442,-9.244522587702827
-0.28055206703269175,0.8722203383696621,1.0,10.932361986445278
1.0,0.045592854223135415,-0.2835765222644766,4.498176826192398
0.560857341829957,0.38969332061383555,-0.1060405644498763,1.6049694434039143
0.32282524920585676,0.16471750697601695,-0.6561681942825572,0.8240722456620948
-1.0,0.9671119831211274,-0.886994587564393,15.930285515577086
0.8148530826558751,1.0,-0.26744596226591666,10.51915750439449
0.6027415136105616,0.2731749444690823,-0.7489393393814046,2.240327649065748
0.5415755827472155,0.6480175934407735,0.7171486883624227,2.494530045471961
0.9822112228475004,-0.6782279153193922,-1.0,-3.433336320963107
-0.4608303578009234,-0.33251327993944857,-1.0,-1.9257327558872175
-0.400615457535171,-0.4632076830647467,0.6148574371527489,-0.7110268048768962
0.07978268236919517,0.7165634180155802,-0.9621573269178056,-3.291813021325772
-0.7878531989257831,-0.6335053885807251,-0.20913864749292044,1.2309482277947599
-0.8086191957285669,-0.4604354824831922,-0.06887796054587869,0.37046341376455205
1.0,-0.6344162141850249,1.0,2.234276404162859
0.021417218832806117,0.2750776678984468,-0.09364735945816993,0.3601547027131119
1.0,-0.4962392041906305,-1.0,1.3879766053001203
-0.013511242508121413,-0.08432909654733645,0.8112739674114575,-0.633477741133299
-0.17311856473218734,0.03993922175265996,0.2520272787485929,0.2886879297630567
0.9435747876410394,-1.0,0.7562925681175321,-5.162769885471054
1.0,-0.22781204992503645,0.8135843608888744,8.077261644335348
0.390974367863836,-0.6622666740401126,-1.0,-8.11060549134146
0.21410724284979765,0.37997838204807244,-0.20331605662718477,0.7921891269742845
0.38105206963199945,0.22679816257095364,-1.0,-2.8728942668013886
1.0,-0.5505856439234376,0.14718490420287722,3.6084680520416565
0.4449485414400485,0.013137010018098083,-1.0,-2.6693325856622434
0.619607214478872,0.9368456766941271,1.0,9.458335034077908
0.8083992260719672,0.12865079554192516,-1.0,0.8410657778558862
-0.5092671771180357,-0.5615902442439118,1.0,0.14199500756974448
-1.0,-1.0,-0.5649316416676999,5.103773729265613
-0.013934370372015614,-0.7465651583384196,1.0,-3.2414383198988217
0.1093938273328805,1.0,0.5399555636363573,7.240050229430161
-0.6341263852894685,0.9407098084681542,0.27271704344670833,2.6967075298688417
-1.0,1.0,0.7375431390030205,1.7348192300267575
0.04456085678373056,-1.0,0.7243059067053859,-1.6117779725025476
0.6437413827829492,-1.0,-0.7119969484363651,-9.244762313851757
1.0,0.9193789184209504,-1.0,28.50288318091538
-0.03603528993994187,0.3803127828165702,-0.9128770663375669,-1.4950785468903347
-0.6774046186210276,0.9341490237041581,0.3757329701165506,1.940898405054207
-1.0,0.9095600658965113,1.0,15.043829455662694
-0.8060980581706154,-0.9076642507488606,0.31528309499602347,5.1460198095660825
1.0,0.32742773640704104,-1.0,11.175013374738132
1.0,-0.00011069981038192012,0.29696085450478815,5.884180376541381
0.35147964053769054,0.3755840253195648,-0.8176088413229992,0.5093329757362243
1.0,-1.0,0.9710677011856079,-9.012212927391603
-0.5183945485433288,0.6711652104384653,1.0,6.679480344527217
-1.0,1.0,1.0,18.013966442738365
0.6331344455250574,0.902725247514037,0.980719327333099,9.192903335056007
-0.018875507168105488,0.847068476362429,1.0,8.837514186669754
1.0,-1.0,-1.0,-30.22971085137717
-0.6267236043854123,-0.3192972228838238,-0.34626491529084547,0.780770945931226
-0.1371281785795273,-1.0,-0.627626826377425,-1.9026770298866325
0.3339784158677248,-0.9870821623036274,-0.27305298999798344,0.3903485277734592
-0.06460364083936287,0.28812334708014076,0.918945962150143,0.7856260841890691
-0.4445078479757587,-0.306935116310205,1.0,0.6909871462042195
1.0,-0.21368833177513435,0.14777261217861026,4.847986706685055
-1.0,-0.025631508189779106,0.8264536777246763,-1.6359337268650007
1.0,0.5431971971664575,-0.3691979455911114,6.246723101076967
-0.6106618112773166,-1.0,0.4622750530319366,4.257050366716462
1.0,-1.0,1.0,-9.094647776020242
-0.3184502226024024,0.8410010259073393,-0.0864601254874866,1.7218283872018998
-0.2894901996993895,0.6794099726080547,0.5631879985488815,0.9601961721470161
0.48336067479823286,-0.20732354624573923,1.0,-1.6047678772264995
0.42027893109117986,-0.3142836109721232,0.5742539611424231,0.9292253303836558
-0.11350868158639726,0.574033227501586,-0.28634048095680886,1.0245427744236988
-1.0,-0.9219379679131081,-0.7546943396996801,3.6687818382965047
0.8326711768196546,0.27562445348242504,0.7198461545526813,4.722563627357613
1.0,-0.10535960300325509,-1.0,7.608436125215775
0.16223778165077118,0.7587366561983067,0.10100106874271653,1.7285984738942637
-0.3894160384728036,-0.37902896081518156,0.23419492610800607,-0.22152190740229427
1.0,-0.3746238933227861,-0.06337922680164931,4.096620695579404
-0.5670014993332286,-1.0,-0.3765121965247158,3.3099482797062896
0.5559926513329325,-1.0,1.0,-7.450330261619779
-0.036546901204213,-0.10488266847941707,-0.2913272647221461,-0.039379443961280014
1.0,-0.5072946490492194,-0.5152846045000115,4.308416424258346
-0.5783722914187894,-1.0,0.41501731719787527,4.346338854408249
0.19494013310611114,0.07850739513573868,0.93353402247049,0.31320465180523116
-0.4332659876343159,0.4956962531711726,0.8168090987019083,1.5976417862308199
-0.5607368128891634,0.9041784168776341,-0.08016564047897745,1.0382785596551751
0.8743379633906014,0.12295664535259343,-0.77474089139036,3.847830250796923
-0.10034558040702368,0.33987443690612573,-0.17308805988666598,0.23553524065753392
1.0,0.8977324451165025,-0.14815211103470904,10.410796508168858
-0.3821920187324923,0.4019013794098889,-0.11537251374678426,-0.2767383122184546
0.6080635873215339,0.8142601361651645,0.5538469309481557,4.610678793931549
-0.12836899675389524,-1.0,0.11766950926952169,2.539666180939254
-1.0,0.06901793926127486,-0.15351014792485107,-3.731221410493921
-0.9670622956464603,0.7802120749853632,0.17557268787526614,-1.1540125222627264
-0.40091642333491206,-0.01565252224953717,1.0,1.5421996007665815
1.0,-0.30800161714084173,-0.3403733972807006,4.205733251965529
-0.8038134144606597,-0.11647677099457998,-0.6857670483515632,0.8577831523685249
-0.05060818037411963,-0.7768407537716098,0.13680500456594125,1.4580072304979979
1.0,0.05437669678406665,-0.7414344017647829,7.091134284896458
1.0,0.798587341874093,0.45875713024526554,11.19884992303206
-1.0,1.0,-0.2530950052111103,11.090460571450247
-0.14748263564665742,-0.34279567333607797,1.0,-1.0004701427689362
0.04585837770605816,0.9619383446056811,-0.3158389013560745,7.4563844922783025
0.991311135477603,-0.7808888350651184,-0.5505929826694456,2.4316018541270354
-0.9142725384942565,0.12483488319554192,1.0,3.3061323600561225
-0.9306074215070774,0.5283881270300534,0.8049780056119493,-1.4461968054182595
0.007250325252295076,1.0,0.22284763044544786,7.680217703354497
0.17315359239172778,-0.5939573986101667,0.23891526173549593,0.9191145364828116
-0.4935568776419743,-0.2971905447076397,-0.7244212141308146,0.6787265540915486
-0.8336574931058078,-1.0,-1.0,-2.8271622133844136
0.6467269590311577,-0.9532332871903322,0.33111128830901104,-0.06666376200167229
-1.0,0.13283236370312101,-0.407515239891056,-1.6775937459898378
0.5876073380715179,-0.6216027957171746,-0.20709134422121056,1.0357032636580563
0.38225772190534735,-1.0,0.22527762101205195,0.40855458041738185
-0.05332683964309903,-0.5763364880239155,-0.20585756810293088,1.567243875708605
-0.8737746844707757,-1.0,-0.9976864241352843,-2.275927780942775
0.7097488099849598,0.32579754429829744,-0.795912479898889,1.1306951803860692
0.14751786548374435,0.5422147507617248,0.2746551277433058,1.082445101994398
0.7045206460500648,-0.5261587490312429,-0.9655702746742829,-4.0286421284627005
1.0,1.0,0.4539269483466124,14.024519808779946
0.33469600184532355,-0.14146224114603023,0.4190045859678808,0.8426519363415076
0.46090563290074216,-1.0,-0.8663100487706386,-12.318947465299972
0.26474037662906014,-0.3288586097728987,-0.6205616223352814,1.3286143430628525
-0.8857431378065825,0.30776615814911934,0.09026941874435024,-3.6856128193826403
-0.719779303361431,-0.7188248629558271,0.8508850715490441,4.233540528035794
1.0,0.4309645795525492,0.09453999250480405,6.637997822186417
0.5046415252866616,-0.37220602117518764,0.42779557159230164,1.2266678259544737
-0.6725107884343231,0.5766967397514864,0.9313159849474439,2.85712208462991
0.6313104208384663,-0.6472512360549829,0.9800136251782965,-2.7547164230770447
-0.8045678464920489,-0.972204290266135,0.6876211762530648,7.069072542748488
0.7152947092054476,-0.9476011322182776,0.12002153826665962,-0.5645652007300157
0.18227822695539841,-1.0,-0.33866728685914005,0.3507938102232958
-0.12467253528697975,0.3176866108895704,-0.05247984170032516,0.15706442435460152
0.17390733052292462,0.5098671485866788,-0.11913079326860365,1.3571976092271845
1.0,-0.25095210857143346,-0.5088027592285032,5.076019469786766
-0.8172050578245613,1.0,0.07323868646886189,4.221280398552765
-0.26739197249201063,-1.0,-1.0,-15.128333070584848
-0.1194298563820988,0.560493815560313,0.11717620641558502,0.4149244645323665
-0.6145471941934633,-0.23176880695550883,0.3904756456621288,0.1397014132270294
-0.235084488160769,-0.37717520895486123,-0.2896262656503019,0.7576667698901282
-0.5992556912154063,1.0,-1.0,0.9125091223788531
-0.03482489437204617,-1.0,-0.48836215866917265,0.5517070316229138
0.377322591780785,-0.9071317985134386,-0.32357999021213635,1.434947829707306
0.3844587648531388,-0.009596371142652105,-1.0,-2.4452456835961085
-1.0,0.07599736109880006,1.0,2.8768135144286866
-0.3854432471434055,-0.06246805587066673,-0.1236827432855736,0.25271075601312865
1.0,0.4458809348262971,-1.0,11.863331686751472
-1.0,0.33561400837491906,-0.13584038225861694,-2.7803568129962786
0.010579290352678017,1.0,-1.0,3.7803250055180597
-0.49321869832269605,-1.0,0.7587908662845544,0.31469354302098373
0.4417634985858061,-0.9816169972855253,0.3193608628211835,0.18294714648043658
0.6584014225087667,-1.0,-0.7499519413357887,-9.710957012669239
0.07927918819982538,0.41181976721102975,-0.9398190590874387,-2.306250448743106
0.8700375473654622,0.23715084117723406,-0.8473087455641566,2.9793731993829784
0.5133875448867322,-0.5587039609097924,-0.7741654003758993,-0.036716341181572854
-0.42791921824667556,-0.12394684787918142,1.0,1.630353387325096
-1.0,0.31824418146560274,0.44527392800682963,-5.7460498856858955
0.5865034993035927,0.11752798793595831,1.0,0.7720340495553086
1.0,-0.3761480447121155,-0.19455850486013704,3.602870760020596
-0.8033540318921748,0.03492917255378947,-1.0,4.625945072173493
0.19258316370938666,1.0,0.25594194770158474,7.179315434465063
-0.1758028183009377,-0.5321874094753871,-0.36589315966080016,1.7710093447393436
-0.25099441690146596,-0.18794028105090055,0.5628572920703712,-0.1885220299144578
-0.26565167461889616,-0.15337433505460463,0.8391777559918618,-0.7328234202229683
-1.0,1.0,-0.012464884297531675,7.816986429784519
-1.0,0.01347955534542189,-0.16848597213560756,-3.4611644158621426
0.44796126445904894,-0.0810219061104982,-1.0,-3.3944420600779233
-0.1196847579002629,-0.46553464070608785,-1.0,-5.483818312249954
-0.5710389617150411,1.0,-0.6763751640975513,3.954998072659618
0.4727839722509557,-0.3304114528188855,-0.4086306542391813,1.4622646400618329
-0.6289035794152222,0.0377153408352644,0.6265904095230075,-0.40350414692445313
-1.0,1.0,-0.05621994123182761,7.9944506083451605
0.5308666762840977,-1.0,0.11548996038738668,0.5907402447133889
-1.0,0.6904765997798232,1.0,8.519200224322114
0.06656703158390687,-0.2236303132029791,0.43290344362173183,0.39292215390116664
0.7504115869913437,0.06675552864258472,1.0,2.7692553827701114
0.8726119368216656,0.8392645579917739,0.6790367363707057,9.287684869712317
1.0,-1.0,-0.013637701979581696,-8.167688776438373
1.0,0.7135205668536646,0.2837761023452736,9.770535157770343
1.0,-0.499773838794062,0.8301773998136956,6.3876300988314565
0.7755314820588421,1.0,0.8972438120411852,12.120725762867352
-0.20529811166281808,-0.3862824996327592,-0.8616542086468288,-1.3591919327872528
-0.1926091890934012,1.0,0.6990550940050615,8.976588607028424
-0.09865022769782761,0.11090623419154855,1.0,0.2583872828314515
-0.4823527473268796,0.562558841864367,0.33731948512227694,-1.88753127954029
-0.07323256018377644,-0.05742053741024211,-1.0,-2.74815858575972
-0.14970710349812633,-0.890916357434467,-1.0,-12.5408123047081
-0.6446983418571668,0.42502937232236904,-0.35320886931394946,-3.097119261979124
0.2930336753600482,1.0,-0.47014052950864826,10.837671865503058
0.3652300731878202,0.6912857850666476,0.24181760929125962,1.4633851261612338
-1.0,-1.0,1.0,21.858815280689836
-1.0,-1.0,-1.0,2.252928954515517
0.11939488296023115,0.058553348869523125,0.6949392575895359,-0.08840734510328274
1.0,0.4024583880025068,-0.6765807133943622,6.576400569172565
-0.049024028304341494,-1.0,-0.9527226145260883,-13.8618970575988
0.6376053324501598,-0.5282675820359468,0.5693828603882505,1.238453744624978
1.0,-0.03121876550374436,0.3582885611163251,5.277753817052146
-1.0,0.288841009969663,0.4039664780824159,-5.0703914659459395
-0.7689793571705448,-1.0,1.0,4.883285429923768
-0.20730203322781549,1.0,-1.0,3.2246930733649375
0.9454206109702037,-0.7095986523982223,0.17551329715091102,1.4118812024367717
-1.0,-0.0069388219547941166,0.3772335286913666,-4.651644804892732
-0.09417071903684726,-0.6632189093772702,-1.0,-7.015147015703633
0.6685901818890709,0.5246669712639442,0.8294147543889752,3.625039170684003
-0.12584591082433905,-0.19749625979940455,0.8670917282683135,-0.8363304446426264
-1.0,-0.4141062245306013,0.7878957560931004,1.203054189468511
1.0,-0.07667963272195344,0.6303314365563961,6.965276108720146
0.481416233844038,1.0,-0.8416745506870373,11.905885815728318
-1.0,0.42309569648703693,-0.9579856250017544,13.431614630023818
1.0,-1.0,0.6433891347734786,-5.897641508536113
0.14494034059472916,-1.0,0.7698326915828917,-2.2554862754475176
0.5064392641496145,1.0,-0.9581412121414998,8.514224330826783
-0.08529651414330597,-0.4578062845423494,-0.6362612197856821,0.46188460617055294
-1.0,-0.8027100570259802,-0.40556687101328825,1.8374835269986685
0.15102020288160278,-0.7774925027919155,0.8045517610733546,-0.6662398394769027
0.5345387364838503,0.01591461889319179,-1.0,-2.539349344384519
1.0,0.824612515629183,-0.6835916674462452,12.185465386981269
0.10375056634768787,-0.01692884401269068,0.40361808796677234,0.49990526973911176
0.3432383827166423,0.9752500997843769,-0.21337257241050023,8.297901229484655
-0.09405631965164596,0.38813821598474485,0.4373040929594676,-0.37061172114837676
-0.6706341214172413,0.7322348617459393,-0.18950285379234644,-1.3996992103788357
-0.6125488310686213,-0.46697914839507115,-0.3698333851590143,0.837844369859839
-0.11754237000146595,0.5994716621972547,0.4570716103253831,1.7294500425672346
1.0,-1.0,0.6747263849075782,-6.774232360312269
-0.9627952463207425,-0.36591995179289727,1.0,6.333237169299304
-0.17796115823925462,0.30489984520988456,0.47583207077458134,-0.4933866677532389
0.2838513384030059,0.3294552015606087,0.8204761318031168,-0.048626520456093614
0.9613534281741738,-0.3733170079121306,0.9140366806391864,4.673102518719325
0.1256082804329275,-0.927532115569776,-0.6051824101682357,-0.8813149259574125
-1.0,-1.0,-1.0,2.5498660957585764
0.38156749534115764,-0.20532215251493335,-0.21947935822626108,1.3709429208790072
-0.012472398613005309,-0.53125563249,-1.0,-5.531959465492906
-0.085247423784933,-0.7077433824241894,-0.8663569850575692,-3.093734044320082
-0.09606936515581066,0.07503707957755901,0.41520725210420006,0.546525959141352
-0.9731279934122745,1.0,0.02450874781427692,6.394835142041413
-0.7565548662368533,0.5826699262411226,0.6178758320365225,-1.996704414200952
-0.5828023443412726,0.19350656534699762,-0.5219051808101496,-1.4984870870705551
-0.24835419427121552,-0.47844473503816864,0.3589642122783949,1.6165588223988792
-0.18394339311101193,-1.0,-0.6707053551039845,-2.8167946353610076
-0.2773016357582836,-0.05090643522617966,-0.5988774652201119,0.3266817043192983
-0.9070736096634271,0.6551948995535268,-0.0884211322678925,-1.809955523828197
0.34308514969773163,-0.1995138048957985,1.0,-1.8421189315654038
-0.09812107625633715,0.3461113473602957,0.6363661646420042,-0.1760011527393181
-0.1800352081194827,0.4617771848424952,0.6942993553207724,-0.05956007628938387
-0.16676442342826014,-0.271205633805341,1.0,-0.4222748418532025
-1.0,0.7348991642599842,1.0,9.582606515792074
-0.05568203478013234,0.7095316233584257,0.7877414179963873,2.783985052010444
-0.8093852187519621,-1.0,-0.13161081084780024,6.3688948734928
0.1348027180816973,-1.0,0.3578682681059051,1.9581989313386725
-0.01673670367054858,-0.2661784521188122,0.23370787374901103,0.15967342851558874
-0.08525339849826152,0.7523466509791907,-0.24702293613826343,1.4273520366194563
-0.10508856783224796,-0.4918171857437523,-0.34356868748162794,0.3258264038629537
0.7641976446412493,-1.0,0.16853042988431555,-3.0210920797523078
-0.644800912135701,-0.10844338532166709,-0.3531480161431304,0.25563819364797474
-0.08298248527769592,-0.13345439548900018,0.1507781007285236,0.5574507091889711
1.0,-0.5281895067668336,-0.37800844305975456,3.899562253457522
-0.29206694182095494,-0.10885393929724407,0.025354797208680502,0.19566386931808344
-0.747034514956681,0.3633877712057234,0.04504539971354937,-3.0901090891410234
0.26739721753781187,-0.4028420960464505,-1.0,-4.694530432789753
-1.0,0.12205728965765017,-0.46405706958857706,-1.7440950119528345
-0.14429872605413174,-0.0453939700309931,0.5935825436149176,0.2279402724669462
0.6541676957361695,-0.6828272564479161,0.20266154147643434,0.8789286956781623
-0.14777055835742492,0.10610496935905611,-1.0,-2.843382425845653
-0.5836492372789073,-1.0,-0.175077600871693,4.528217073293296
-0.9362550026928202,0.176241291287357,-1.0,10.132840836604641
-0.297679378061696,-0.6828696800935137,-1.0,-6.032713106744053
1.0,-0.25679630563427347,-0.29715748336600867,4.048030087679697
0.08654026254019387,0.20182118530819904,1.0,1.6283924102636336
0.727411070694576,0.7717833500333791,-0.9363558787174218,3.168026418460356
0.4076093073420277,0.5325354145724752,0.706595119730737,1.5928905966766111
-0.43294599190840044,0.3997674954820931,-1.0,-2.7902443318711083
0.21551311306940368,-0.02818441057680654,0.6893540450722546,0.17807817317508015
-0.3288066526568312,-0.20693390767866093,-0.8441567098846774,0.22784509451198925
-0.36438838846212684,0.29396943287636534,1.0,2.901485923490028
1.0,1.0,-1.0,38.76293421443238
1.0,0.1093433248119231,1.0,14.442356256006674
0.4412399022610778,-0.28043674510134964,-0.09249886656846407,2.218954197192842
-0.25112517523093203,-0.04528303219241381,-0.34235188571530406,0.42789444633264706
-0.8078764337053981,-1.0,0.47978386395647776,7.492711338328466
-0.11441149886137048,-0.26262942027971814,0.2524260575980575,0.6362383617658187
1.0,0.7813782721720981,1.0,25.01756725208356
0.15473927693923129,0.6310950135965339,0.16431476455120708,0.7993647985168476
0.7744377225851165,0.019553451224459284,0.9535085442095512,3.885181164151107
-0.8796524150021396,1.0,1.0,16.31447609712785
0.5644982092207884,0.25403128101087225,1.0,2.6302982810148157
-0.7028132792681414,-0.31008862046511676,-0.46915138992778926,0.5431350045582964
-1.0,0.21363014349443166,1.0,3.587114652404239
-1.0,0.5216035112988469,0.7852497625800787,-2.465658838390514
1.0,-0.20829084216835247,0.668411944243118,6.716641850187007
-0.6934937330847613,0.43464427704771813,1.0,3.5905854020214067
0.1901597944710678,-0.39038172090029355,1.0,-2.6240738615909063
0.2834706002951213,0.939736394225271,0.04433018877862027,6.238088538065123
-1.0,-0.5428170792539013,0.1664993755889903,0.00036144530174098133
-1.0,-1.0,-1.0,3.655092451769489
0.6580701650350578,-1.0,-1.0,-25.14110340890691
0.21208591500477514,-0.4227405533744477,-0.8388786051888291,-0.36791857317714355
0.8035436962843558,0.26080120279321495,-1.0,1.196641062285188
-1.0,-0.4337751682253246,0.09027712566123158,-1.2537924405644225
0.013386946860630244,-0.1863276133289724,-0.7901784509697016,0.729266032000681
-1.0,0.45967739275407915,-0.9837370340624272,15.295420292306897
-0.22066960390870172,-0.9809579724914583,-0.04259369260047752,2.469959212621562
0.825028310832814,0.04578953309352385,1.0,3.9634794531924933
-1.0,0.5595143574551003,0.23009891360917556,-3.5889404682701214
-0.311791678373577,-0.39303495795529986,-0.5993500300523285,0.9106505697057539
-1.0,-1.0,1.0,22.20278491973453
-0.9105230285896364,1.0,0.4602805333459927,1.1866850315671948
-0.4643132134872059,0.9767437179363103,0.043316169000203075,5.199508856446922
-0.7612363039099694,-1.0,-0.1527219964312596,5.524185782650496
-0.7341240092049417,-0.06930459433693925,0.3936855260804344,-1.3552025107240846
0.46079636851713635,-0.6191291493966686,-0.6966137342569567,-0.19199567932743977
-0.07950170452891858,0.07618686664247565,-0.6328518171818229,0.8885776571109643
0.5961300886629568,0.2645191317101401,0.7397215639637493,1.6736481175092903
0.1867064198749373,-0.5595765791109493,-0.4579571256098185,1.0052354401753805
0.3966061644853549,-0.44911286885212576,-0.775518043783465,-0.4648996935872876
-1.0,-0.17647000240533695,-1.0,9.643797290756996
-0.9601536127870447,0.12058571953686914,-0.10659245166724918,-3.375717792792429
-0.4497241433439434,0.8162493232635131,-1.0,-4.454030597596853
-0.8779508702901231,-1.0,1.0,11.09478522654538
-0.9777205451817981,-0.3732660221306008,-0.1574953666540304,-1.6181077270417161
-1.0,-0.6790330347331284,0.6558176301741558,5.41278955099394
-1.0,0.5678700986322325,-1.0,18.43333363678464
1.0,1.0,-0.14812021612059478,15.515022736426879
-0.43997143082817525,0.577748176779024,-0.06281636241121435,-1.7152722289393
-0.0703812152147798,-0.9583609000346063,0.16692264368474774,2.1252648643833942
-0.8211825348939386,0.4643490625975417,-1.0,5.171170627079093
-1.0,0.25678049141535886,0.03137882544249382,-5.204764962928202
0.7743918319248788,0.12828169885973262,-0.7448587469432046,1.7991256533676716
-0.028421637142985512,0.014945605120195271,1.0,0.8040525705823404
0.30518627390586417,0.6910772245552086,1.0,5.952301953280989
1.0,1.0,0.17780874208990127,13.325885018556223
-1.0,-0.8616603689113651,-0.7870075825168636,3.2014816725411146
-0.01783705092202692,1.0,-0.18009590229401118,8.196324967931496
-0.14316395640257285,-1.0,-0.09826029847331186,2.529041938169564
-1.0,0.0047409844283488045,-0.5896854045441835,-0.7269922881413826
-1.0,0.9091983474921919,0.1706391489101846,2.685430680063201
-0.15273911215496616,0.8693070976837598,-0.368042973895504,2.9373364586620028
0.22777419376358066,-1.0,1.0,-8.061053778783915
-0.5269721489106249,-1.0,-0.3156664715807942,3.5750204177909928
0.5290336391262,0.3775138858840894,-0.5671954550893126,0.6226170986257636
-0.45367293818581866,0.2637833073816396,1.0,1.9502471772830505
0.06324632269060415,1.0,0.747582227547305,9.607431254948029
-1.0,-0.09587544761222144,-0.061060984944254715,-3.8398873716628854
-0.6348060552309076,0.011922708832243778,0.8337058228416501,-0.7080342138740932
-0.5751617966554323,-0.7975312577345373,1.0,1.5325806069551304
1.0,-0.6999407623680591,-0.7421549254551705,3.4015114276740435
-0.12598107532819092,0.08483990292069588,1.0,0.0692253385017747
1.0,0.693736909318833,0.8736784227720389,19.26930205886386
1.0,1.0,-0.404916211004537,18.026649700466606
-0.6481236390905487,0.1755485497884539,0.37255390632690255,-1.5414598392588978
-1.0,0.14568549399811004,-0.623052935563539,-0.09150022803778605
0.4432993204184925,-1.0,0.8397621398167596,-4.425108578006137
1.0,-1.0,-1.0,-30.446747407612104
-1.0,1.0,-0.9482008097008994,19.174887348851968
0.7577405554980758,0.6141001131411046,-0.42999321726588846,1.859966240435889
-0.3105663446117246,0.9035306409323649,-1.0,-1.9679160478539688
-0.13669900150092884,-0.2534206387250413,1.0,-0.0022638730172541144
-0.4037315476699652,0.6026878816266197,0.3758617711716814,-0.04547554841508128
-1.0,0.0978645891325276,-0.17219466662321747,-4.3896888744073586
0.21391963163214034,0.2337795169830752,0.2945465731808157,0.31222141668410447
-0.02283803929573769,1.0,0.4087013893462903,7.455070735148728
-0.3144724997880888,-0.04914148282889341,0.8499682077536284,0.3893629466440416
1.0,1.0,1.0,25.614024018730316
0.8619154932883843,0.050347093012754085,0.4391789680455067,4.167616512628025
-0.856335614831724,-0.6113542190559986,0.9164884606393182,4.804362247461149
-0.35082370052191014,-0.9258678198305994,-0.8033810678157207,-3.819770821420941
1.0,1.0,-0.567858737756407,21.853703231862138
-0.16164621218676278,0.8391642062821825,0.42581933638539216,2.946362899973827
1.0,-0.5545399462602332,-0.6475927455753159,4.438509901705239
-0.08407521625616132,-0.01855786916797353,1.0,-0.46748143603385695
0.6046817345888962,-0.09635109782105578,1.0,-0.08594918438189464
-0.8580553824114923,-1.0,1.0,10.711233718489794
0.3084534541398558,0.5163322361449707,0.027335596599869838,0.8492565972052597
1.0,0.817343954984834,-0.11748366746111838,9.749588284126146
0.6832044715315071,-0.8558689006396651,-0.39204167680398117,0.2849415909487691
0.6596332222714141,-1.0,1.0,-6.322715122893799
0.7664697199407036,-1.0,-0.18324916516580103,-3.336480749999992
-0.04871157502588375,-0.5062637350326304,-1.0,-6.521596939244237
0.3366153650529593,0.10590212607619987,0.16071601319392492,1.1060261973539298
-0.038313637469205464,0.5375431848136205,-1.0,-4.524049073102811
-1.0,1.0,-0.3140566587236333,10.871834028758908
-0.5559646115466188,-0.0602158029512303,-0.2150173122394099,-0.18386774699253086
0.38798353636763827,-0.10837054755482445,-0.5645959474907882,1.858958260325412
-0.30979323393446623,0.3816448855854766,0.013764780795361808,-0.7979977672584373
0.831184512872795,0.332798841509824,0.877909754591496,7.620875231912503
-0.03823894442385556,0.7862070705736224,1.0,8.35895757479189
1.0,0.2705389207601996,-1.0,11.096418659495372
-0.5280955640491265,0.7131638027038094,-0.6142259823074341,-1.204829880776055
0.1794110099105255,0.587535217640899,0.2646366434531917,0.3058516133647854
0.3916592697562393,-0.7090259030183457,-1.0,-9.467199875478048
-0.757172328779018,0.015174463727835485,0.6435672068022549,-0.8848027349246707
0.32204670135877644,0.5363289612018727,-1.0,-3.4501739199923556
0.5015819303829332,0.26863982496613414,1.0,2.007434976032166
-1.0,0.11628858638754225,0.33490322988862453,-4.657845391049299
-0.1018890409729516,-1.0,-0.3239251704637991,2.179036645145708
-0.2419071062248428,0.02193819375441275,0.3494160832310176,-0.0319308001328365
1.0,0.37315755977260623,-0.1608880119902225,5.806653997237916
-0.41937775778470154,1.0,0.7255463703697844,8.45782947613375
-0.07018791431944438,1.0,0.6294396430117892,8.711488783278382
1.0,-0.9052276685699223,-0.966089410342204,-13.188733368810261
0.03515357250991191,-0.14916290645644636,-0.3217725760911916,1.2752709384002667
0.6470812778379562,1.0,-0.8744578807797345,12.491977407477288
0.8377230586007611,1.0,-0.4497484665864162,13.969179721415708
0.9685250156552145,0.2205031464908862,-0.7109065842811826,6.164046215797596
-1.0,-1.0,1.0,21.560697636079357
0.3139269884619673,-1.0,0.3000140878223887,0.7380170371153385
0.3289736546255366,0.2427421233339906,-0.4859213010619874,0.7824972509847137
0.3083591570405073,0.003245302202770972,-0.7359054647345693,0.8751913588567972
0.28624929482592654,-1.0,0.5391867094085221,0.08679773255638551
0.31173066610910727,-1.0,1.0,-8.042098220995575
0.1518078577902473,-0.1391212691851238,0.22974173578477775,1.0148922044174074
-0.6783667404467082,-0.4388177197214371,-0.7082688878406616,1.6064236403645795
0.12094058593978296,0.15457761005905812,-0.29302449684189424,1.050660388910232
-0.7011611977935241,0.9556275107264991,1.0,14.033068663871115
0.7796041262293254,0.5293816187029514,0.45455028319084745,3.7415021684589167
0.7137223804900295,0.3959054925333516,-0.15883118697714638,2.3570846708699684
-1.0,-0.9997008638661984,-1.0,2.5077730364385196
1.0,-0.39960963342779743,-0.3991947638887905,4.312406801437491
-1.0,-1.0,0.12162974063668952,8.412235140681958
0.8923415630519418,0.5077894410670662,-0.6614740103809451,3.892997036281145
-1.0,0.7104091917657558,0.6049243798980548,-3.531850471599696
0.7894759010081491,0.7400917839557841,-0.7012448456686731,3.4025396453918173
-0.045000631027054094,0.06573299812330835,0.18780541750427115,1.00890713742558
-1.0,-0.16960941577275834,0.2711055914392664,-3.0660639229048026
-1.0,0.4332242737730907,0.4475474474219925,-3.9259775541994433
0.015518237499685616,1.0,1.0,12.380541007876664
-0.6022805566417855,0.09372102236042168,-0.11822296367557095,-0.8288330111376605
-1.0,1.0,-0.08212660734923771,9.445852314917936
-1.0,0.04805590403112059,1.0,3.587052739977233
-0.06766382835718443,-0.6297756565382329,0.7983002708551836,0.36253565433795126
-0.11959054579073003,-0.9842794817271778,-1.0,-15.619012361663586
-0.2950446644548961,0.18907316334785063,0.2632808572579517,-0.10876527977674355
0.8730585407866784,0.2900781362366218,0.10382363350811818,4.161827513767198
-0.7158264889067236,-0.010174679854266566,-0.93832476075307,2.2199515152919265
-0.8528005929320448,0.3881419431633122,-0.4312719211654952,-2.0858373794783973
0.8303228852747986,-0.6985246448077569,0.08243871920304024,0.9498925072907913
